﻿name,city,cuisine_type,phone,address,website,rating,reviews_count,source,social_media,description,lead_score,lead_potential
Waffle House,Karachi,Thai,+92 0301 892 60 93,"87 Main Street, Malir, Karachi",,3.6,94,Yellow Pages PK,{},Delicious Thai cuisine in Karachi. Rated 3.6/5 stars with 94 reviews.,2.2,Low
Pizza Express Karachi Branch 2,Karachi,Lebanese,+92 0305 889 53 45,"5 Mall Road, Korangi, Karachi",,4.0,53,Yellow Pages PK,{},Delicious Lebanese cuisine in Karachi. Rated 4.0/5 stars with 53 reviews.,2.42,Low
IHOP Karachi Branch 3,Karachi,Chinese,+92 0303 406 22 11,"11 Business Road, Clifton, Karachi",https://www.ihopkarachibranch3.com,3.8,379,Yellow Pages PK,{},Delicious Chinese cuisine in Karachi. Rated 3.8/5 stars with 379 reviews.,2.43,Low
Nando's Karachi Branch 4,Karachi,Beverages,+92 0301 362 07 95,"66 Main Street, Saddar, Karachi",https://www.nando'skarachibranch4.com,4.9,210,Yellow Pages PK,{},Delicious Beverages cuisine in Karachi. Rated 4.9/5 stars with 210 reviews.,3.02,Medium
Ben & Jerry's Karachi Branch 5,Karachi,Mexican,+92 021 999 46 57,"68 Station Road, Defence, Karachi",https://www.benandjerry'skarachibranch5.com,4.1,455,Yellow Pages PK,"{""facebook"": ""https://facebook.com/ben&jerry'skarachibranch5"", ""instagram"": ""https://instagram.com/ben&jerry'skarachibranch5"", ""twitter"": ""https://twitter.com/ben&jerry'skarachibranch5""}",Delicious Mexican cuisine in Karachi. Rated 4.1/5 stars with 455 reviews.,2.64,Low
Baskin-Robbins Karachi Branch 6,Karachi,Chinese,+92 0300 230 57 53,"85 Business Road, Lyari, Karachi",,4.6,322,Yellow Pages PK,{},Delicious Chinese cuisine in Karachi. Rated 4.6/5 stars with 322 reviews.,2.89,Low
Texas Roadhouse Karachi Branch 7,Karachi,Mexican,+92 0305 937 01 09,"91 Market Street, Gulshan-e-Iqbal, Karachi",,3.8,81,Yellow Pages PK,{},Delicious Mexican cuisine in Karachi. Rated 3.8/5 stars with 81 reviews.,2.31,Low
Pizza Express Karachi Branch 8,Karachi,Japanese,+92 0300 386 23 04,"58 Business Road, Defence, Karachi",https://www.pizzaexpresskarachibranch8.com,4.7,421,Yellow Pages PK,{},Delicious Japanese cuisine in Karachi. Rated 4.7/5 stars with 421 reviews.,2.99,Low
Red Lobster Karachi Branch 9,Karachi,American,+92 0304 488 44 13,"84 Main Street, Korangi, Karachi",,4.9,437,Yellow Pages PK,{},Delicious American cuisine in Karachi. Rated 4.9/5 stars with 437 reviews.,3.11,Medium
Applebee's Karachi Branch 10,Karachi,Chinese,+92 0304 148 49 79,"84 Station Road, Clifton, Karachi",,3.0,315,Yellow Pages PK,"{""facebook"": ""https://facebook.com/applebee'skarachibranch10"", ""instagram"": ""https://instagram.com/applebee'skarachibranch10"", ""twitter"": ""https://twitter.com/applebee'skarachibranch10""}",Delicious Chinese cuisine in Karachi. Rated 3.0/5 stars with 315 reviews.,1.93,Low
Applebee's Karachi Branch 11,Karachi,Italian,+92 021 262 88 05,"9 Market Street, Defence, Karachi",https://www.applebee'skarachibranch11.com,4.3,171,Yellow Pages PK,{},Delicious Italian cuisine in Karachi. Rated 4.3/5 stars with 171 reviews.,2.65,Low
Culver's Karachi Branch 12,Karachi,Korean,+92 0305 110 52 87,"47 Business Road, Saddar, Karachi",,3.7,71,Yellow Pages PK,{},Delicious Korean cuisine in Karachi. Rated 3.7/5 stars with 71 reviews.,2.25,Low
Cracker Barrel Karachi Branch 13,Karachi,Italian,+92 0301 189 37 79,"64 Business Road, Gulshan-e-Iqbal, Karachi",https://www.crackerbarrelkarachibranch13.com,3.3,471,Yellow Pages PK,{},Delicious Italian cuisine in Karachi. Rated 3.3/5 stars with 471 reviews.,2.17,Low
BBQ Tonight Karachi Branch 14,Karachi,Fusion,+92 0305 686 59 24,"94 Main Street, Lyari, Karachi",,3.8,497,Yellow Pages PK,{},Delicious Fusion cuisine in Karachi. Rated 3.8/5 stars with 497 reviews.,2.48,Low
Cracker Barrel Karachi Branch 15,Karachi,Korean,+92 021 279 78 74,"6 Station Road, Orangi, Karachi",https://www.crackerbarrelkarachibranch15.com,5.0,114,Yellow Pages PK,{},Delicious Korean cuisine in Karachi. Rated 5.0/5 stars with 114 reviews.,3.05,Medium
Jack in the Box,Karachi,Pakistani,+92 021 670 01 17,"89 Mall Road, Orangi, Karachi",,3.5,225,FoodPanda,{},Delicious Pakistani cuisine in Karachi. Rated 3.5/5 stars with 225 reviews.,2.19,Low
Gloria Jean's Karachi Branch 2,Karachi,Indian,+92 0300 477 65 70,"15 Market Street, North Nazimabad, Karachi",https://www.gloriajean'skarachibranch2.com,3.3,210,FoodPanda,"{""facebook"": ""https://facebook.com/gloriajean'skarachibranch2"", ""instagram"": ""https://instagram.com/gloriajean'skarachibranch2"", ""twitter"": ""https://twitter.com/gloriajean'skarachibranch2""}",Delicious Indian cuisine in Karachi. Rated 3.3/5 stars with 210 reviews.,2.06,Low
KFC Karachi Branch 3,Karachi,BBQ,+92 0300 397 65 35,"69 Station Road, Korangi, Karachi",https://www.kfckarachibranch3.com,3.4,179,FoodPanda,"{""facebook"": ""https://facebook.com/kfckarachibranch3"", ""instagram"": ""https://instagram.com/kfckarachibranch3"", ""twitter"": ""https://twitter.com/kfckarachibranch3""}",Delicious BBQ cuisine in Karachi. Rated 3.4/5 stars with 179 reviews.,2.11,Low
Wendy's Karachi Branch 4,Karachi,Indian,+92 0301 093 73 17,"64 Mall Road, Defence, Karachi",https://www.wendy'skarachibranch4.com,3.4,120,FoodPanda,{},Delicious Indian cuisine in Karachi. Rated 3.4/5 stars with 120 reviews.,2.09,Low
Moe's Southwest Grill Karachi Branch 5,Karachi,Chinese,+92 0301 668 67 57,"97 Business Road, Orangi, Karachi",,5.0,58,FoodPanda,"{""facebook"": ""https://facebook.com/moe'ssouthwestgrillkarachibranch5"", ""instagram"": ""https://instagram.com/moe'ssouthwestgrillkarachibranch5"", ""twitter"": ""https://twitter.com/moe'ssouthwestgrillkarachibranch5""}",Delicious Chinese cuisine in Karachi. Rated 5.0/5 stars with 58 reviews.,3.02,Medium
Burger King Karachi Branch 6,Karachi,Turkish,+92 0301 402 28 01,"30 Business Road, Malir, Karachi",,3.5,275,FoodPanda,{},Delicious Turkish cuisine in Karachi. Rated 3.5/5 stars with 275 reviews.,2.21,Low
Arby's Karachi Branch 7,Karachi,Turkish,+92 0300 365 22 90,"10 Station Road, Lyari, Karachi",,4.4,396,FoodPanda,{},Delicious Turkish cuisine in Karachi. Rated 4.4/5 stars with 396 reviews.,2.8,Low
Buffalo Wild Wings Karachi Branch 8,Karachi,Thai,+92 0301 379 16 49,"59 Station Road, Clifton, Karachi",,4.5,106,FoodPanda,"{""facebook"": ""https://facebook.com/buffalowildwingskarachibranch8"", ""instagram"": ""https://instagram.com/buffalowildwingskarachibranch8"", ""twitter"": ""https://twitter.com/buffalowildwingskarachibranch8""}",Delicious Thai cuisine in Karachi. Rated 4.5/5 stars with 106 reviews.,2.74,Low
Hardee's Karachi Branch 9,Karachi,Beverages,+92 0303 379 64 86,"80 Market Street, Orangi, Karachi",,3.1,351,FoodPanda,{},Delicious Beverages cuisine in Karachi. Rated 3.1/5 stars with 351 reviews.,2.0,Low
Applebee's Karachi Branch 10,Karachi,Chinese,+92 0303 261 54 99,"7 Station Road, North Nazimabad, Karachi",https://www.applebee'skarachibranch10.com,4.2,270,FoodPanda,"{""facebook"": ""https://facebook.com/applebee'skarachibranch10"", ""instagram"": ""https://instagram.com/applebee'skarachibranch10"", ""twitter"": ""https://twitter.com/applebee'skarachibranch10""}",Delicious Chinese cuisine in Karachi. Rated 4.2/5 stars with 270 reviews.,2.63,Low
Gloria Jean's Karachi Branch 11,Karachi,Chinese,+92 021 950 53 93,"89 Main Street, Saddar, Karachi",,4.8,174,FoodPanda,{},Delicious Chinese cuisine in Karachi. Rated 4.8/5 stars with 174 reviews.,2.95,Low
Hardee's Karachi Branch 12,Karachi,Chinese,+92 0302 024 28 51,"81 Station Road, Clifton, Karachi",,3.1,176,FoodPanda,{},Delicious Chinese cuisine in Karachi. Rated 3.1/5 stars with 176 reviews.,1.93,Low
Baskin-Robbins Karachi Branch 13,Karachi,Beverages,+92 0303 252 32 57,"70 Station Road, Saddar, Karachi",https://www.baskin-robbinskarachibranch13.com,3.3,363,FoodPanda,"{""facebook"": ""https://facebook.com/baskin-robbinskarachibranch13"", ""instagram"": ""https://instagram.com/baskin-robbinskarachibranch13"", ""twitter"": ""https://twitter.com/baskin-robbinskarachibranch13""}",Delicious Beverages cuisine in Karachi. Rated 3.3/5 stars with 363 reviews.,2.13,Low
Red Lobster Karachi Branch 14,Karachi,Turkish,+92 0300 909 38 68,"73 Mall Road, Saddar, Karachi",,4.6,485,FoodPanda,"{""facebook"": ""https://facebook.com/redlobsterkarachibranch14"", ""instagram"": ""https://instagram.com/redlobsterkarachibranch14"", ""twitter"": ""https://twitter.com/redlobsterkarachibranch14""}",Delicious Turkish cuisine in Karachi. Rated 4.6/5 stars with 485 reviews.,2.95,Low
Waffle House Karachi Branch 15,Karachi,Chinese,+92 0301 738 13 18,"65 Station Road, Orangi, Karachi",https://www.wafflehousekarachibranch15.com,3.3,323,FoodPanda,{},Delicious Chinese cuisine in Karachi. Rated 3.3/5 stars with 323 reviews.,2.11,Low
Buffalo Wild Wings Karachi Branch 16,Karachi,Turkish,+92 021 947 60 38,"87 Station Road, Korangi, Karachi",https://www.buffalowildwingskarachibranch16.com,3.1,136,FoodPanda,{},Delicious Turkish cuisine in Karachi. Rated 3.1/5 stars with 136 reviews.,1.91,Low
Texas Roadhouse Karachi Branch 17,Karachi,Italian,+92 021 845 07 37,"80 Station Road, Defence, Karachi",https://www.texasroadhousekarachibranch17.com,3.1,297,FoodPanda,"{""facebook"": ""https://facebook.com/texasroadhousekarachibranch17"", ""instagram"": ""https://instagram.com/texasroadhousekarachibranch17"", ""twitter"": ""https://twitter.com/texasroadhousekarachibranch17""}",Delicious Italian cuisine in Karachi. Rated 3.1/5 stars with 297 reviews.,1.98,Low
Culver's Karachi Branch 18,Karachi,Desserts,+92 0305 818 11 41,"37 Market Street, Defence, Karachi",https://www.culver'skarachibranch18.com,3.7,89,FoodPanda,{},Delicious Desserts cuisine in Karachi. Rated 3.7/5 stars with 89 reviews.,2.26,Low
Moe's Southwest Grill Karachi Branch 19,Karachi,Pakistani,+92 0300 799 64 70,"19 Station Road, Defence, Karachi",https://www.moe'ssouthwestgrillkarachibranch19.com,3.5,224,FoodPanda,{},Delicious Pakistani cuisine in Karachi. Rated 3.5/5 stars with 224 reviews.,2.19,Low
Moe's Southwest Grill Karachi Branch 20,Karachi,Beverages,+92 0300 475 71 74,"27 Station Road, Saddar, Karachi",,3.6,111,FoodPanda,{},Delicious Beverages cuisine in Karachi. Rated 3.6/5 stars with 111 reviews.,2.2,Low
Moe's Southwest Grill,Karachi,Chinese,+92 021 065 62 52,"97 Market Street, Clifton, Karachi",https://www.moe'ssouthwestgrill.com,4.6,458,Google Maps,{},Delicious Chinese cuisine in Karachi. Rated 4.6/5 stars with 458 reviews.,2.94,Low
Burger King Karachi Branch 2,Karachi,Turkish,+92 0303 443 34 22,"50 Main Street, Malir, Karachi",,3.7,385,Google Maps,{},Delicious Turkish cuisine in Karachi. Rated 3.7/5 stars with 385 reviews.,2.37,Low
Hardee's Karachi Branch 3,Karachi,Turkish,+92 0301 881 91 77,"19 Market Street, Defence, Karachi",https://www.hardee'skarachibranch3.com,3.0,285,Google Maps,{},Delicious Turkish cuisine in Karachi. Rated 3.0/5 stars with 285 reviews.,1.91,Low
Chili's Karachi Branch 4,Karachi,Chinese,+92 0301 658 39 00,"35 Business Road, Gulshan-e-Iqbal, Karachi",,3.2,370,Google Maps,{},Delicious Chinese cuisine in Karachi. Rated 3.2/5 stars with 370 reviews.,2.07,Low
Panera Bread Karachi Branch 5,Karachi,Chinese,+92 021 897 42 26,"2 Market Street, Malir, Karachi",https://www.panerabreadkarachibranch5.com,4.1,385,Google Maps,{},Delicious Chinese cuisine in Karachi. Rated 4.1/5 stars with 385 reviews.,2.61,Low
Second Cup Karachi Branch 6,Karachi,Turkish,+92 0303 959 26 80,"37 Station Road, Korangi, Karachi",https://www.secondcupkarachibranch6.com,3.0,215,Google Maps,"{""facebook"": ""https://facebook.com/secondcupkarachibranch6"", ""instagram"": ""https://instagram.com/secondcupkarachibranch6"", ""twitter"": ""https://twitter.com/secondcupkarachibranch6""}",Delicious Turkish cuisine in Karachi. Rated 3.0/5 stars with 215 reviews.,1.89,Low
BBQ Tonight Karachi Branch 7,Karachi,Beverages,+92 0301 109 87 99,"29 Business Road, Defence, Karachi",https://www.bbqtonightkarachibranch7.com,3.6,197,Google Maps,{},Delicious Beverages cuisine in Karachi. Rated 3.6/5 stars with 197 reviews.,2.24,Low
Panera Bread Karachi Branch 8,Karachi,Thai,+92 0304 496 05 61,"24 Mall Road, Defence, Karachi",https://www.panerabreadkarachibranch8.com,4.0,73,Google Maps,{},Delicious Thai cuisine in Karachi. Rated 4.0/5 stars with 73 reviews.,2.43,Low
Shake Shack Karachi Branch 9,Karachi,Thai,+92 0303 542 05 29,"22 Business Road, Defence, Karachi",https://www.shakeshackkarachibranch9.com,4.9,303,Google Maps,"{""facebook"": ""https://facebook.com/shakeshackkarachibranch9"", ""instagram"": ""https://instagram.com/shakeshackkarachibranch9"", ""twitter"": ""https://twitter.com/shakeshackkarachibranch9""}",Delicious Thai cuisine in Karachi. Rated 4.9/5 stars with 303 reviews.,3.06,Medium
IHOP Karachi Branch 10,Karachi,Chinese,+92 0304 998 42 06,"47 Commercial Avenue, Saddar, Karachi",https://www.ihopkarachibranch10.com,4.5,170,Google Maps,{},Delicious Chinese cuisine in Karachi. Rated 4.5/5 stars with 170 reviews.,2.77,Low
Baskin-Robbins Karachi Branch 11,Karachi,Turkish,+92 0302 612 36 63,"43 Station Road, North Nazimabad, Karachi",https://www.baskin-robbinskarachibranch11.com,4.8,368,Google Maps,{},Delicious Turkish cuisine in Karachi. Rated 4.8/5 stars with 368 reviews.,3.03,Medium
Whataburger Karachi Branch 12,Karachi,Lebanese,+92 021 272 27 85,"76 Commercial Avenue, Clifton, Karachi",https://www.whataburgerkarachibranch12.com,3.8,239,Google Maps,{},Delicious Lebanese cuisine in Karachi. Rated 3.8/5 stars with 239 reviews.,2.38,Low
Red Lobster Karachi Branch 13,Karachi,Thai,+92 0305 649 39 97,"42 Commercial Avenue, Malir, Karachi",,4.1,234,Google Maps,"{""facebook"": ""https://facebook.com/redlobsterkarachibranch13"", ""instagram"": ""https://instagram.com/redlobsterkarachibranch13"", ""twitter"": ""https://twitter.com/redlobsterkarachibranch13""}",Delicious Thai cuisine in Karachi. Rated 4.1/5 stars with 234 reviews.,2.55,Low
Cold Stone Creamery Karachi Branch 14,Karachi,Beverages,+92 0303 784 86 95,"12 Main Street, Korangi, Karachi",,4.6,399,Google Maps,{},Delicious Beverages cuisine in Karachi. Rated 4.6/5 stars with 399 reviews.,2.92,Low
TGI Fridays Karachi Branch 15,Karachi,Turkish,+92 021 018 09 51,"59 Commercial Avenue, Saddar, Karachi",,3.8,248,Google Maps,"{""facebook"": ""https://facebook.com/tgifridayskarachibranch15"", ""instagram"": ""https://instagram.com/tgifridayskarachibranch15"", ""twitter"": ""https://twitter.com/tgifridayskarachibranch15""}",Delicious Turkish cuisine in Karachi. Rated 3.8/5 stars with 248 reviews.,2.38,Low
Ben & Jerry's Karachi Branch 16,Karachi,Mexican,+92 0305 441 65 99,"49 Market Street, Korangi, Karachi",,5.0,446,Google Maps,{},Delicious Mexican cuisine in Karachi. Rated 5.0/5 stars with 446 reviews.,3.18,Medium
Tim Hortons Karachi Branch 17,Karachi,Japanese,+92 0304 228 56 24,"86 Business Road, Malir, Karachi",https://www.timhortonskarachibranch17.com,3.9,364,Google Maps,{},Delicious Japanese cuisine in Karachi. Rated 3.9/5 stars with 364 reviews.,2.49,Low
Buffalo Wild Wings Karachi Branch 18,Karachi,Indian,+92 0302 608 19 15,"21 Business Road, Defence, Karachi",,3.9,305,Google Maps,"{""facebook"": ""https://facebook.com/buffalowildwingskarachibranch18"", ""instagram"": ""https://instagram.com/buffalowildwingskarachibranch18"", ""twitter"": ""https://twitter.com/buffalowildwingskarachibranch18""}",Delicious Indian cuisine in Karachi. Rated 3.9/5 stars with 305 reviews.,2.46,Low
Chipotle Karachi Branch 19,Karachi,Mexican,+92 0301 385 77 34,"26 Station Road, Defence, Karachi",https://www.chipotlekarachibranch19.com,3.3,234,Google Maps,{},Delicious Mexican cuisine in Karachi. Rated 3.3/5 stars with 234 reviews.,2.07,Low
Hardee's Karachi Branch 20,Karachi,Desserts,+92 0300 730 92 94,"16 Business Road, Clifton, Karachi",https://www.hardee'skarachibranch20.com,3.7,179,Google Maps,{},Delicious Desserts cuisine in Karachi. Rated 3.7/5 stars with 179 reviews.,2.29,Low
Subway,Karachi,European,+92 0300 595 65 05,"57 Mall Road, Clifton, Karachi",,5.0,17,Facebook Pages,{},Delicious European cuisine in Karachi. Rated 5.0/5 stars with 17 reviews.,3.01,Medium
Denny's Karachi Branch 2,Karachi,Indian,+92 0300 904 55 68,"18 Station Road, North Nazimabad, Karachi",https://www.denny'skarachibranch2.com,3.3,134,Facebook Pages,{},Delicious Indian cuisine in Karachi. Rated 3.3/5 stars with 134 reviews.,2.03,Low
Wendy's Karachi Branch 3,Karachi,Mexican,+92 0300 888 76 04,"49 Main Street, Saddar, Karachi",,3.4,58,Facebook Pages,{},Delicious Mexican cuisine in Karachi. Rated 3.4/5 stars with 58 reviews.,2.06,Low
Dunkin' Karachi Branch 4,Karachi,Fusion,+92 0303 015 40 79,"78 Station Road, Lyari, Karachi",,3.4,33,Facebook Pages,"{""facebook"": ""https://facebook.com/dunkin'karachibranch4"", ""instagram"": ""https://instagram.com/dunkin'karachibranch4"", ""twitter"": ""https://twitter.com/dunkin'karachibranch4""}",Delicious Fusion cuisine in Karachi. Rated 3.4/5 stars with 33 reviews.,2.05,Low
McDonald's Karachi Branch 5,Karachi,Korean,+92 0303 719 24 81,"20 Mall Road, Korangi, Karachi",,4.1,292,Facebook Pages,"{""facebook"": ""https://facebook.com/mcdonald'skarachibranch5"", ""instagram"": ""https://instagram.com/mcdonald'skarachibranch5"", ""twitter"": ""https://twitter.com/mcdonald'skarachibranch5""}",Delicious Korean cuisine in Karachi. Rated 4.1/5 stars with 292 reviews.,2.58,Low
Taco Bell Karachi Branch 6,Karachi,Italian,+92 0301 508 25 63,"13 Market Street, Clifton, Karachi",https://www.tacobellkarachibranch6.com,4.8,48,Facebook Pages,{},Delicious Italian cuisine in Karachi. Rated 4.8/5 stars with 48 reviews.,2.9,Low
Cold Stone Creamery Karachi Branch 7,Karachi,Fast Food,+92 021 722 11 42,"9 Market Street, Defence, Karachi",https://www.coldstonecreamerykarachibranch7.com,3.2,34,Facebook Pages,{},Delicious Fast Food cuisine in Karachi. Rated 3.2/5 stars with 34 reviews.,1.93,Low
Pizza Hut Karachi Branch 8,Karachi,Thai,+92 0303 326 13 43,"61 Station Road, Lyari, Karachi",,5.0,143,Facebook Pages,"{""facebook"": ""https://facebook.com/pizzahutkarachibranch8"", ""instagram"": ""https://instagram.com/pizzahutkarachibranch8"", ""twitter"": ""https://twitter.com/pizzahutkarachibranch8""}",Delicious Thai cuisine in Karachi. Rated 5.0/5 stars with 143 reviews.,3.06,Medium
Chipotle Karachi Branch 9,Karachi,BBQ,+92 0305 360 25 79,"34 Business Road, North Nazimabad, Karachi",,3.8,351,Facebook Pages,{},Delicious BBQ cuisine in Karachi. Rated 3.8/5 stars with 351 reviews.,2.42,Low
Steak 'n Shake Karachi Branch 10,Karachi,Desserts,+92 021 541 50 64,"63 Market Street, Defence, Karachi",https://www.steak'nshakekarachibranch10.com,4.5,127,Facebook Pages,{},Delicious Desserts cuisine in Karachi. Rated 4.5/5 stars with 127 reviews.,2.75,Low
Popeyes Karachi Branch 11,Karachi,BBQ,+92 0305 160 72 83,"27 Main Street, Orangi, Karachi",,4.0,200,Facebook Pages,{},Delicious BBQ cuisine in Karachi. Rated 4.0/5 stars with 200 reviews.,2.48,Low
Waffle House Karachi Branch 12,Karachi,American,+92 0300 160 47 87,"34 Business Road, Korangi, Karachi",,3.6,128,Facebook Pages,{},Delicious American cuisine in Karachi. Rated 3.6/5 stars with 128 reviews.,2.21,Low
Denny's Karachi Branch 13,Karachi,Turkish,+92 0303 304 37 85,"64 Commercial Avenue, Malir, Karachi",https://www.denny'skarachibranch13.com,4.9,262,Facebook Pages,{},Delicious Turkish cuisine in Karachi. Rated 4.9/5 stars with 262 reviews.,3.04,Medium
Outback Steakhouse Karachi Branch 14,Karachi,Chinese,+92 021 169 11 19,"5 Mall Road, Malir, Karachi",https://www.outbacksteakhousekarachibranch14.com,3.5,250,Facebook Pages,"{""facebook"": ""https://facebook.com/outbacksteakhousekarachibranch14"", ""instagram"": ""https://instagram.com/outbacksteakhousekarachibranch14"", ""twitter"": ""https://twitter.com/outbacksteakhousekarachibranch14""}",Delicious Chinese cuisine in Karachi. Rated 3.5/5 stars with 250 reviews.,2.2,Low
Dairy Queen Karachi Branch 15,Karachi,Mexican,+92 0302 877 89 16,"63 Market Street, Malir, Karachi",https://www.dairyqueenkarachibranch15.com,3.3,221,Facebook Pages,{},Delicious Mexican cuisine in Karachi. Rated 3.3/5 stars with 221 reviews.,2.07,Low
