﻿name,city,cuisine_type,phone,address,website,rating,reviews_count,source,social_media,description,lead_score,lead_potential
Cracker Barrel,Karachi,European,+92 0301 643 84 23,"48 Mall Road, Malir, Karachi",https://www.crackerbarrel.com,4.7,298,Yellow Pages PK,{},Delicious European cuisine in Karachi. Rated 4.7/5 stars with 298 reviews.,2.94,Low
Popeyes Karachi Branch 2,Karachi,Desserts,+92 0302 633 89 76,"92 Market Street, Orangi, Karachi",,3.4,456,Yellow Pages PK,{},Delicious Desserts cuisine in Karachi. Rated 3.4/5 stars with 456 reviews.,2.22,Low
Ben & Jerry's Karachi Branch 3,Karachi,Italian,+92 021 351 97 86,"88 Commercial Avenue, Malir, Karachi",,3.5,356,Yellow Pages PK,"{""facebook"": ""https://facebook.com/ben&jerry'skarachibranch3"", ""instagram"": ""https://instagram.com/ben&jerry'skarachibranch3"", ""twitter"": ""https://twitter.com/ben&jerry'skarachibranch3""}",Delicious Italian cuisine in Karachi. Rated 3.5/5 stars with 356 reviews.,2.24,Low
Dunkin' Karachi Branch 4,Karachi,Fast Food,+92 0304 053 39 47,"41 Main Street, Malir, Karachi",,3.9,297,Yellow Pages PK,{},Delicious Fast Food cuisine in Karachi. Rated 3.9/5 stars with 297 reviews.,2.46,Low
Chipotle Karachi Branch 5,Karachi,European,+92 0300 530 88 33,"5 Business Road, Orangi, Karachi",https://www.chipotlekarachibranch5.com,3.0,80,Yellow Pages PK,"{""facebook"": ""https://facebook.com/chipotlekarachibranch5"", ""instagram"": ""https://instagram.com/chipotlekarachibranch5"", ""twitter"": ""https://twitter.com/chipotlekarachibranch5""}",Delicious European cuisine in Karachi. Rated 3.0/5 stars with 80 reviews.,1.83,Low
Texas Roadhouse Karachi Branch 6,Karachi,Lebanese,+92 0305 133 49 44,"40 Mall Road, Clifton, Karachi",https://www.texasroadhousekarachibranch6.com,3.3,74,Yellow Pages PK,{},Delicious Lebanese cuisine in Karachi. Rated 3.3/5 stars with 74 reviews.,2.01,Low
Subway Karachi Branch 7,Karachi,Turkish,+92 021 752 34 10,"21 Business Road, Gulshan-e-Iqbal, Karachi",,3.8,406,Yellow Pages PK,{},Delicious Turkish cuisine in Karachi. Rated 3.8/5 stars with 406 reviews.,2.44,Low
Qdoba Karachi Branch 8,Karachi,BBQ,+92 0304 808 79 58,"78 Mall Road, Malir, Karachi",,4.1,69,Yellow Pages PK,"{""facebook"": ""https://facebook.com/qdobakarachibranch8"", ""instagram"": ""https://instagram.com/qdobakarachibranch8"", ""twitter"": ""https://twitter.com/qdobakarachibranch8""}",Delicious BBQ cuisine in Karachi. Rated 4.1/5 stars with 69 reviews.,2.49,Low
Panera Bread Karachi Branch 9,Karachi,Thai,+92 0304 661 24 26,"8 Market Street, Lyari, Karachi",https://www.panerabreadkarachibranch9.com,4.2,114,Yellow Pages PK,{},Delicious Thai cuisine in Karachi. Rated 4.2/5 stars with 114 reviews.,2.57,Low
Sonic Drive-In Karachi Branch 10,Karachi,Fast Food,+92 0300 042 18 02,"98 Market Street, Orangi, Karachi",,3.1,366,Yellow Pages PK,"{""facebook"": ""https://facebook.com/sonicdrive-inkarachibranch10"", ""instagram"": ""https://instagram.com/sonicdrive-inkarachibranch10"", ""twitter"": ""https://twitter.com/sonicdrive-inkarachibranch10""}",Delicious Fast Food cuisine in Karachi. Rated 3.1/5 stars with 366 reviews.,2.01,Low
Chipotle Karachi Branch 11,Karachi,Lebanese,+92 021 983 34 77,"68 Mall Road, Saddar, Karachi",https://www.chipotlekarachibranch11.com,3.7,54,Yellow Pages PK,{},Delicious Lebanese cuisine in Karachi. Rated 3.7/5 stars with 54 reviews.,2.24,Low
Hardee's Karachi Branch 12,Karachi,BBQ,+92 0303 082 30 89,"8 Commercial Avenue, North Nazimabad, Karachi",https://www.hardee'skarachibranch12.com,4.3,69,Yellow Pages PK,"{""facebook"": ""https://facebook.com/hardee'skarachibranch12"", ""instagram"": ""https://instagram.com/hardee'skarachibranch12"", ""twitter"": ""https://twitter.com/hardee'skarachibranch12""}",Delicious BBQ cuisine in Karachi. Rated 4.3/5 stars with 69 reviews.,2.61,Low
Red Lobster Karachi Branch 13,Karachi,Fusion,+92 0304 772 09 87,"65 Main Street, Malir, Karachi",https://www.redlobsterkarachibranch13.com,3.6,265,Yellow Pages PK,{},Delicious Fusion cuisine in Karachi. Rated 3.6/5 stars with 265 reviews.,2.27,Low
IHOP Karachi Branch 14,Karachi,European,+92 0300 409 75 02,"63 Station Road, Gulshan-e-Iqbal, Karachi",https://www.ihopkarachibranch14.com,4.5,46,Yellow Pages PK,{},Delicious European cuisine in Karachi. Rated 4.5/5 stars with 46 reviews.,2.72,Low
Chinese Wok Karachi Branch 15,Karachi,Beverages,+92 0304 779 83 92,"36 Business Road, Clifton, Karachi",https://www.chinesewokkarachibranch15.com,4.5,313,Yellow Pages PK,{},Delicious Beverages cuisine in Karachi. Rated 4.5/5 stars with 313 reviews.,2.83,Low
Panera Bread Karachi Branch 16,Karachi,Pakistani,+92 0301 224 74 15,"90 Main Street, Saddar, Karachi",,4.0,288,Yellow Pages PK,{},Delicious Pakistani cuisine in Karachi. Rated 4.0/5 stars with 288 reviews.,2.52,Low
Sonic Drive-In Karachi Branch 17,Karachi,Fusion,+92 0303 745 92 20,"63 Commercial Avenue, Korangi, Karachi",,4.3,246,Yellow Pages PK,{},Delicious Fusion cuisine in Karachi. Rated 4.3/5 stars with 246 reviews.,2.68,Low
Popeyes Karachi Branch 18,Karachi,Fusion,+92 0304 776 62 85,"16 Commercial Avenue, Malir, Karachi",https://www.popeyeskarachibranch18.com,3.4,199,Yellow Pages PK,"{""facebook"": ""https://facebook.com/popeyeskarachibranch18"", ""instagram"": ""https://instagram.com/popeyeskarachibranch18"", ""twitter"": ""https://twitter.com/popeyeskarachibranch18""}",Delicious Fusion cuisine in Karachi. Rated 3.4/5 stars with 199 reviews.,2.12,Low
Buffalo Wild Wings Karachi Branch 19,Karachi,Fusion,+92 0302 102 67 96,"64 Market Street, North Nazimabad, Karachi",,4.4,340,Yellow Pages PK,{},Delicious Fusion cuisine in Karachi. Rated 4.4/5 stars with 340 reviews.,2.78,Low
Hardee's Karachi Branch 20,Karachi,BBQ,+92 0300 364 39 29,"44 Station Road, Clifton, Karachi",https://www.hardee'skarachibranch20.com,4.0,491,Yellow Pages PK,{},Delicious BBQ cuisine in Karachi. Rated 4.0/5 stars with 491 reviews.,2.6,Low
Popeyes,Karachi,Fast Food,+92 0302 591 67 21,"19 Mall Road, Clifton, Karachi",https://www.popeyes.com,3.2,96,FoodPanda,{},Delicious Fast Food cuisine in Karachi. Rated 3.2/5 stars with 96 reviews.,1.96,Low
IHOP Karachi Branch 2,Karachi,Pakistani,+92 0303 266 54 00,"42 Commercial Avenue, Defence, Karachi",,4.0,344,FoodPanda,{},Delicious Pakistani cuisine in Karachi. Rated 4.0/5 stars with 344 reviews.,2.54,Low
Cracker Barrel Karachi Branch 3,Karachi,Japanese,+92 0300 797 94 96,"87 Station Road, Orangi, Karachi",,4.1,263,FoodPanda,{},Delicious Japanese cuisine in Karachi. Rated 4.1/5 stars with 263 reviews.,2.57,Low
KFC Karachi Branch 4,Karachi,Indian,+92 0300 963 01 73,"5 Market Street, Clifton, Karachi",,3.4,366,FoodPanda,{},Delicious Indian cuisine in Karachi. Rated 3.4/5 stars with 366 reviews.,2.19,Low
McDonald's Karachi Branch 5,Karachi,Thai,+92 0303 275 12 80,"99 Main Street, North Nazimabad, Karachi",https://www.mcdonald'skarachibranch5.com,3.2,170,FoodPanda,{},Delicious Thai cuisine in Karachi. Rated 3.2/5 stars with 170 reviews.,1.99,Low
Steak 'n Shake Karachi Branch 6,Karachi,Desserts,+92 0300 704 72 77,"61 Commercial Avenue, North Nazimabad, Karachi",,4.4,220,FoodPanda,{},Delicious Desserts cuisine in Karachi. Rated 4.4/5 stars with 220 reviews.,2.73,Low
Arby's Karachi Branch 7,Karachi,Japanese,+92 0300 237 61 71,"67 Main Street, North Nazimabad, Karachi",https://www.arby'skarachibranch7.com,3.7,389,FoodPanda,{},Delicious Japanese cuisine in Karachi. Rated 3.7/5 stars with 389 reviews.,2.38,Low
Starbucks Karachi Branch 8,Karachi,European,+92 0303 309 01 30,"38 Mall Road, Clifton, Karachi",https://www.starbuckskarachibranch8.com,4.7,11,FoodPanda,{},Delicious European cuisine in Karachi. Rated 4.7/5 stars with 11 reviews.,2.82,Low
Popeyes Karachi Branch 9,Karachi,Chinese,+92 0303 902 45 13,"27 Market Street, Lyari, Karachi",https://www.popeyeskarachibranch9.com,4.2,133,FoodPanda,{},Delicious Chinese cuisine in Karachi. Rated 4.2/5 stars with 133 reviews.,2.57,Low
Dunkin' Karachi Branch 10,Karachi,Fusion,+92 0303 828 60 55,"52 Market Street, Saddar, Karachi",,4.7,475,FoodPanda,"{""facebook"": ""https://facebook.com/dunkin'karachibranch10"", ""instagram"": ""https://instagram.com/dunkin'karachibranch10"", ""twitter"": ""https://twitter.com/dunkin'karachibranch10""}",Delicious Fusion cuisine in Karachi. Rated 4.7/5 stars with 475 reviews.,3.01,Medium
Red Lobster Karachi Branch 11,Karachi,American,+92 021 395 94 98,"17 Station Road, Malir, Karachi",,3.1,350,FoodPanda,{},Delicious American cuisine in Karachi. Rated 3.1/5 stars with 350 reviews.,2.0,Low
Jack in the Box Karachi Branch 12,Karachi,American,+92 0303 468 35 25,"72 Station Road, Lyari, Karachi",,4.5,372,FoodPanda,{},Delicious American cuisine in Karachi. Rated 4.5/5 stars with 372 reviews.,2.85,Low
McDonald's Karachi Branch 13,Karachi,Italian,+92 0301 892 81 19,"57 Market Street, Korangi, Karachi",,3.9,464,FoodPanda,{},Delicious Italian cuisine in Karachi. Rated 3.9/5 stars with 464 reviews.,2.53,Low
Pizza Express Karachi Branch 14,Karachi,Fast Food,+92 0303 170 98 69,"38 Market Street, Lyari, Karachi",,4.4,239,FoodPanda,{},Delicious Fast Food cuisine in Karachi. Rated 4.4/5 stars with 239 reviews.,2.74,Low
Wendy's Karachi Branch 15,Karachi,Fusion,+92 021 194 18 83,"45 Commercial Avenue, Clifton, Karachi",https://www.wendy'skarachibranch15.com,4.5,387,FoodPanda,{},Delicious Fusion cuisine in Karachi. Rated 4.5/5 stars with 387 reviews.,2.85,Low
McDonald's Karachi Branch 16,Karachi,Thai,+92 0300 610 21 64,"16 Mall Road, Gulshan-e-Iqbal, Karachi",https://www.mcdonald'skarachibranch16.com,4.8,363,FoodPanda,{},Delicious Thai cuisine in Karachi. Rated 4.8/5 stars with 363 reviews.,3.03,Medium
Wendy's Karachi Branch 17,Karachi,Desserts,+92 021 958 44 83,"18 Commercial Avenue, Malir, Karachi",,3.5,114,FoodPanda,{},Delicious Desserts cuisine in Karachi. Rated 3.5/5 stars with 114 reviews.,2.15,Low
Tim Hortons Karachi Branch 18,Karachi,BBQ,+92 0304 802 82 00,"75 Station Road, Gulshan-e-Iqbal, Karachi",,4.8,242,FoodPanda,{},Delicious BBQ cuisine in Karachi. Rated 4.8/5 stars with 242 reviews.,2.98,Low
Dunkin' Karachi Branch 19,Karachi,Korean,+92 0304 135 77 33,"24 Business Road, Malir, Karachi",,4.4,87,FoodPanda,{},Delicious Korean cuisine in Karachi. Rated 4.4/5 stars with 87 reviews.,2.67,Low
Waffle House Karachi Branch 20,Karachi,Chinese,+92 021 486 35 82,"6 Business Road, Korangi, Karachi",,4.0,438,FoodPanda,"{""facebook"": ""https://facebook.com/wafflehousekarachibranch20"", ""instagram"": ""https://instagram.com/wafflehousekarachibranch20"", ""twitter"": ""https://twitter.com/wafflehousekarachibranch20""}",Delicious Chinese cuisine in Karachi. Rated 4.0/5 stars with 438 reviews.,2.58,Low
Denny's,Karachi,Chinese,+92 0303 317 01 66,"60 Business Road, North Nazimabad, Karachi",,3.6,77,Google Maps,{},Delicious Chinese cuisine in Karachi. Rated 3.6/5 stars with 77 reviews.,2.19,Low
Carl's Jr. Karachi Branch 2,Karachi,Italian,+92 0303 309 78 64,"38 Main Street, Korangi, Karachi",,3.6,346,Google Maps,{},Delicious Italian cuisine in Karachi. Rated 3.6/5 stars with 346 reviews.,2.3,Low
Qdoba Karachi Branch 3,Karachi,Fast Food,+92 0302 025 95 39,"57 Commercial Avenue, Gulshan-e-Iqbal, Karachi",,3.5,66,Google Maps,{},Delicious Fast Food cuisine in Karachi. Rated 3.5/5 stars with 66 reviews.,2.13,Low
Ben & Jerry's Karachi Branch 4,Karachi,Chinese,+92 0303 238 89 52,"36 Mall Road, North Nazimabad, Karachi",,4.5,221,Google Maps,"{""facebook"": ""https://facebook.com/ben&jerry'skarachibranch4"", ""instagram"": ""https://instagram.com/ben&jerry'skarachibranch4"", ""twitter"": ""https://twitter.com/ben&jerry'skarachibranch4""}",Delicious Chinese cuisine in Karachi. Rated 4.5/5 stars with 221 reviews.,2.79,Low
Gloria Jean's Karachi Branch 5,Karachi,American,+92 0301 754 63 15,"16 Station Road, Saddar, Karachi",,4.3,121,Google Maps,{},Delicious American cuisine in Karachi. Rated 4.3/5 stars with 121 reviews.,2.63,Low
Olive Garden Karachi Branch 6,Karachi,Korean,+92 0301 504 02 42,"72 Commercial Avenue, Gulshan-e-Iqbal, Karachi",,3.6,204,Google Maps,{},Delicious Korean cuisine in Karachi. Rated 3.6/5 stars with 204 reviews.,2.24,Low
Panera Bread Karachi Branch 7,Karachi,BBQ,+92 0303 776 45 02,"80 Business Road, Gulshan-e-Iqbal, Karachi",https://www.panerabreadkarachibranch7.com,3.8,265,Google Maps,{},Delicious BBQ cuisine in Karachi. Rated 3.8/5 stars with 265 reviews.,2.39,Low
Nando's Karachi Branch 8,Karachi,Fusion,+92 0301 974 92 66,"62 Commercial Avenue, Lyari, Karachi",https://www.nando'skarachibranch8.com,3.2,59,Google Maps,{},Delicious Fusion cuisine in Karachi. Rated 3.2/5 stars with 59 reviews.,1.94,Low
Nando's Karachi Branch 9,Karachi,Chinese,+92 0302 096 65 45,"22 Market Street, Defence, Karachi",,3.8,269,Google Maps,{},Delicious Chinese cuisine in Karachi. Rated 3.8/5 stars with 269 reviews.,2.39,Low
Chili's Karachi Branch 10,Karachi,Beverages,+92 021 920 12 32,"95 Commercial Avenue, Korangi, Karachi",,4.0,33,Google Maps,{},Delicious Beverages cuisine in Karachi. Rated 4.0/5 stars with 33 reviews.,2.41,Low
Olive Garden Karachi Branch 11,Karachi,Japanese,+92 0300 970 16 09,"90 Station Road, Malir, Karachi",https://www.olivegardenkarachibranch11.com,3.9,321,Google Maps,{},Delicious Japanese cuisine in Karachi. Rated 3.9/5 stars with 321 reviews.,2.47,Low
Second Cup Karachi Branch 12,Karachi,Japanese,+92 0304 657 98 14,"24 Market Street, Clifton, Karachi",,3.8,312,Google Maps,{},Delicious Japanese cuisine in Karachi. Rated 3.8/5 stars with 312 reviews.,2.4,Low
Second Cup Karachi Branch 13,Karachi,Korean,+92 021 044 67 71,"40 Market Street, Malir, Karachi",https://www.secondcupkarachibranch13.com,4.6,284,Google Maps,"{""facebook"": ""https://facebook.com/secondcupkarachibranch13"", ""instagram"": ""https://instagram.com/secondcupkarachibranch13"", ""twitter"": ""https://twitter.com/secondcupkarachibranch13""}",Delicious Korean cuisine in Karachi. Rated 4.6/5 stars with 284 reviews.,2.87,Low
Five Guys Karachi Branch 14,Karachi,American,+92 021 790 40 56,"8 Station Road, Orangi, Karachi",https://www.fiveguyskarachibranch14.com,3.0,464,Google Maps,{},Delicious American cuisine in Karachi. Rated 3.0/5 stars with 464 reviews.,1.99,Low
Gloria Jean's Karachi Branch 15,Karachi,BBQ,+92 0302 154 62 97,"84 Station Road, Clifton, Karachi",,4.2,494,Google Maps,{},Delicious BBQ cuisine in Karachi. Rated 4.2/5 stars with 494 reviews.,2.72,Low
Pizza Hut Karachi Branch 16,Karachi,Japanese,+92 0303 572 25 58,"74 Main Street, Gulshan-e-Iqbal, Karachi",https://www.pizzahutkarachibranch16.com,3.3,135,Google Maps,{},Delicious Japanese cuisine in Karachi. Rated 3.3/5 stars with 135 reviews.,2.03,Low
Chili's Karachi Branch 17,Karachi,Chinese,+92 0304 693 79 79,"13 Mall Road, Clifton, Karachi",https://www.chili'skarachibranch17.com,5.0,383,Google Maps,{},Delicious Chinese cuisine in Karachi. Rated 5.0/5 stars with 383 reviews.,3.15,Medium
Panera Bread Karachi Branch 18,Karachi,Japanese,+92 0300 044 11 72,"11 Mall Road, Orangi, Karachi",https://www.panerabreadkarachibranch18.com,3.9,375,Google Maps,{},Delicious Japanese cuisine in Karachi. Rated 3.9/5 stars with 375 reviews.,2.49,Low
Popeyes Karachi Branch 19,Karachi,Korean,+92 0304 213 73 27,"16 Main Street, Clifton, Karachi",https://www.popeyeskarachibranch19.com,3.3,58,Google Maps,{},Delicious Korean cuisine in Karachi. Rated 3.3/5 stars with 58 reviews.,2.0,Low
Chinese Wok Karachi Branch 20,Karachi,Turkish,+92 0304 543 93 15,"24 Commercial Avenue, Clifton, Karachi",,4.0,142,Google Maps,{},Delicious Turkish cuisine in Karachi. Rated 4.0/5 stars with 142 reviews.,2.46,Low
Cold Stone Creamery,Karachi,Japanese,+92 0300 592 64 32,"2 Station Road, North Nazimabad, Karachi",https://www.coldstonecreamery.com,3.6,268,Facebook Pages,{},Delicious Japanese cuisine in Karachi. Rated 3.6/5 stars with 268 reviews.,2.27,Low
Chipotle Karachi Branch 2,Karachi,Turkish,+92 0303 350 36 07,"30 Station Road, Malir, Karachi",,4.5,346,Facebook Pages,{},Delicious Turkish cuisine in Karachi. Rated 4.5/5 stars with 346 reviews.,2.84,Low
LongHorn Steakhouse Karachi Branch 3,Karachi,Beverages,+92 0304 731 79 89,"40 Mall Road, Defence, Karachi",https://www.longhornsteakhousekarachibranch3.com,4.3,496,Facebook Pages,{},Delicious Beverages cuisine in Karachi. Rated 4.3/5 stars with 496 reviews.,2.78,Low
Costa Coffee Karachi Branch 4,Karachi,Italian,+92 0301 138 21 53,"25 Mall Road, Lyari, Karachi",,3.0,237,Facebook Pages,{},Delicious Italian cuisine in Karachi. Rated 3.0/5 stars with 237 reviews.,1.89,Low
Tim Hortons Karachi Branch 5,Karachi,Korean,+92 0305 391 75 68,"97 Market Street, Malir, Karachi",,4.6,189,Facebook Pages,"{""facebook"": ""https://facebook.com/timhortonskarachibranch5"", ""instagram"": ""https://instagram.com/timhortonskarachibranch5"", ""twitter"": ""https://twitter.com/timhortonskarachibranch5""}",Delicious Korean cuisine in Karachi. Rated 4.6/5 stars with 189 reviews.,2.84,Low
Chipotle Karachi Branch 6,Karachi,Lebanese,+92 0303 639 87 28,"20 Mall Road, Clifton, Karachi",,3.5,394,Facebook Pages,"{""facebook"": ""https://facebook.com/chipotlekarachibranch6"", ""instagram"": ""https://instagram.com/chipotlekarachibranch6"", ""twitter"": ""https://twitter.com/chipotlekarachibranch6""}",Delicious Lebanese cuisine in Karachi. Rated 3.5/5 stars with 394 reviews.,2.26,Low
Domino's Karachi Branch 7,Karachi,Japanese,+92 0303 002 02 58,"83 Mall Road, Defence, Karachi",https://www.domino'skarachibranch7.com,4.3,406,Facebook Pages,{},Delicious Japanese cuisine in Karachi. Rated 4.3/5 stars with 406 reviews.,2.74,Low
Sonic Drive-In Karachi Branch 8,Karachi,Beverages,+92 021 838 70 83,"63 Business Road, Orangi, Karachi",,4.0,444,Facebook Pages,{},Delicious Beverages cuisine in Karachi. Rated 4.0/5 stars with 444 reviews.,2.58,Low
Waffle House Karachi Branch 9,Karachi,American,+92 0301 736 62 99,"12 Mall Road, Saddar, Karachi",https://www.wafflehousekarachibranch9.com,3.4,450,Facebook Pages,"{""facebook"": ""https://facebook.com/wafflehousekarachibranch9"", ""instagram"": ""https://instagram.com/wafflehousekarachibranch9"", ""twitter"": ""https://twitter.com/wafflehousekarachibranch9""}",Delicious American cuisine in Karachi. Rated 3.4/5 stars with 450 reviews.,2.22,Low
KFC Karachi Branch 10,Karachi,European,+92 0300 250 25 91,"37 Mall Road, Korangi, Karachi",,3.1,105,Facebook Pages,{},Delicious European cuisine in Karachi. Rated 3.1/5 stars with 105 reviews.,1.9,Low
Arby's Karachi Branch 11,Karachi,Chinese,+92 0305 544 34 74,"65 Main Street, Malir, Karachi",,4.2,455,Facebook Pages,"{""facebook"": ""https://facebook.com/arby'skarachibranch11"", ""instagram"": ""https://instagram.com/arby'skarachibranch11"", ""twitter"": ""https://twitter.com/arby'skarachibranch11""}",Delicious Chinese cuisine in Karachi. Rated 4.2/5 stars with 455 reviews.,2.7,Low
Arby's Karachi Branch 12,Karachi,Chinese,+92 0302 010 57 62,"38 Commercial Avenue, Lyari, Karachi",https://www.arby'skarachibranch12.com,3.7,111,Facebook Pages,"{""facebook"": ""https://facebook.com/arby'skarachibranch12"", ""instagram"": ""https://instagram.com/arby'skarachibranch12"", ""twitter"": ""https://twitter.com/arby'skarachibranch12""}",Delicious Chinese cuisine in Karachi. Rated 3.7/5 stars with 111 reviews.,2.26,Low
Carl's Jr. Karachi Branch 13,Karachi,Indian,+92 0304 919 85 89,"25 Mall Road, Lyari, Karachi",,3.4,96,Facebook Pages,{},Delicious Indian cuisine in Karachi. Rated 3.4/5 stars with 96 reviews.,2.08,Low
Outback Steakhouse Karachi Branch 14,Karachi,Thai,+92 0302 462 39 35,"94 Commercial Avenue, Lyari, Karachi",https://www.outbacksteakhousekarachibranch14.com,3.2,365,Facebook Pages,"{""facebook"": ""https://facebook.com/outbacksteakhousekarachibranch14"", ""instagram"": ""https://instagram.com/outbacksteakhousekarachibranch14"", ""twitter"": ""https://twitter.com/outbacksteakhousekarachibranch14""}",Delicious Thai cuisine in Karachi. Rated 3.2/5 stars with 365 reviews.,2.07,Low
BBQ Tonight Karachi Branch 15,Karachi,Chinese,+92 0303 616 96 78,"15 Station Road, Orangi, Karachi",https://www.bbqtonightkarachibranch15.com,3.0,210,Facebook Pages,{},Delicious Chinese cuisine in Karachi. Rated 3.0/5 stars with 210 reviews.,1.88,Low
Outback Steakhouse Karachi Branch 16,Karachi,Desserts,+92 0303 348 22 92,"35 Main Street, Saddar, Karachi",,4.7,187,Facebook Pages,{},Delicious Desserts cuisine in Karachi. Rated 4.7/5 stars with 187 reviews.,2.89,Low
Haagen-Dazs Karachi Branch 17,Karachi,Fusion,+92 0300 392 52 38,"26 Station Road, Korangi, Karachi",https://www.haagen-dazskarachibranch17.com,4.2,162,Facebook Pages,{},Delicious Fusion cuisine in Karachi. Rated 4.2/5 stars with 162 reviews.,2.58,Low
Moe's Southwest Grill Karachi Branch 18,Karachi,Beverages,+92 0304 728 71 71,"38 Business Road, North Nazimabad, Karachi",https://www.moe'ssouthwestgrillkarachibranch18.com,3.9,14,Facebook Pages,{},Delicious Beverages cuisine in Karachi. Rated 3.9/5 stars with 14 reviews.,2.35,Low
Arby's Karachi Branch 19,Karachi,Thai,+92 0302 134 77 11,"28 Market Street, Korangi, Karachi",,4.1,260,Facebook Pages,{},Delicious Thai cuisine in Karachi. Rated 4.1/5 stars with 260 reviews.,2.56,Low
Carl's Jr. Karachi Branch 20,Karachi,Thai,+92 0305 530 14 78,"36 Mall Road, North Nazimabad, Karachi",https://www.carl'sjr.karachibranch20.com,3.8,266,Facebook Pages,{},Delicious Thai cuisine in Karachi. Rated 3.8/5 stars with 266 reviews.,2.39,Low
