name,city,cuisine_type,phone,address,website,rating,reviews_count,source,social_media,description,quality_score,predicted_cuisine,classification_confidence,final_cuisine_type,predicted_lead_score,lead_score,lead_potential
Applebees Sahiwal Branch 7,Sahiwal,Mexican,+923004346294,"63 Main Street, City Center, Sahiwal",https://www.applebee'ssahiwalbranch7.com,3.6,455,Yellow Pages PK,"{'facebook': ""https://facebook.com/applebee'ssahiwalbranch7"", 'instagram': ""https://instagram.com/applebee'ssahiwalbranch7"", 'twitter': ""https://twitter.com/applebee'ssahiwalbranch7""}",Delicious Mexican cuisine in Sahiwal. Rated 3.6/5 stars with 455 reviews.,77.2,Pakistani,0.5,Mexican,66.40029981083823,66.4,Medium Potential
Baskin-Robbins Sahiwal Branch 15,Sahiwal,European,+923022627013,"97 Main Street, City Center, Sahiwal",https://www.baskin-robbinssahiwalbranch15.com,4.1,68,Yellow Pages PK,{},Delicious European cuisine in Sahiwal. Rated 4.1/5 stars with 68 reviews.,75.0,Pakistani,0.5,European,53.64670854351857,53.6,Low Potential
Buffalo Wild Wings Sahiwal Branch 2,Sahiwal,Pakistani,+923006518430,"56 Business Road, Commercial District, Sahiwal",https://www.buffalowildwingssahiwalbranch2.com,3.7,424,Yellow Pages PK,{},Delicious Pakistani cuisine in Sahiwal. Rated 3.7/5 stars with 424 reviews.,77.4,Pakistani,0.5,Pakistani,58.63645449140691,58.6,Low Potential
Burger King Sahiwal Branch 7,Sahiwal,Mexican,+923016920279,"42 Commercial Avenue, Commercial District, Sahiwal",,4.9,132,FoodPanda,{},Delicious Mexican cuisine in Sahiwal. Rated 4.9/5 stars with 132 reviews.,84.8,Pakistani,0.5,Mexican,62.20787740474406,62.2,Medium Potential
Carls Jr. Sahiwal Branch 14,Sahiwal,Korean,+923004290086,"57 Commercial Avenue, Commercial District, Sahiwal",,3.6,321,FoodPanda,"{'facebook': ""https://facebook.com/carl'sjr.sahiwalbranch14"", 'instagram': ""https://instagram.com/carl'sjr.sahiwalbranch14"", 'twitter': ""https://twitter.com/carl'sjr.sahiwalbranch14""}",Delicious Korean cuisine in Sahiwal. Rated 3.6/5 stars with 321 reviews.,82.2,Pakistani,0.5,Korean,69.43766577646066,69.4,Medium Potential
Chipotle Sahiwal Branch 3,Sahiwal,Desserts,+923029254801,"51 Commercial Avenue, City Center, Sahiwal",https://www.chipotlesahiwalbranch3.com,3.6,64,FoodPanda,{},Delicious Desserts cuisine in Sahiwal. Rated 3.6/5 stars with 64 reviews.,78.6,Pakistani,0.5,Desserts,56.55014030792978,56.6,Low Potential
Cold Stone Creamery Sahiwal Branch 14,Sahiwal,Italian,+923010883955,"33 Main Street, City Center, Sahiwal",https://www.coldstonecreamerysahiwalbranch14.com,4.9,362,Yellow Pages PK,{},Delicious Italian cuisine in Sahiwal. Rated 4.9/5 stars with 362 reviews.,79.8,Pakistani,0.5,Italian,60.981469791910676,61.0,Medium Potential
Cracker Barrel Sahiwal Branch 17,Sahiwal,Indian,+923008767574,"80 Main Street, City Center, Sahiwal",https://www.crackerbarrelsahiwalbranch17.com,3.9,35,Yellow Pages PK,{},Delicious Indian cuisine in Sahiwal. Rated 3.9/5 stars with 35 reviews.,71.3,Pakistani,0.5,Indian,53.994684121702754,54.0,Low Potential
Dairy Queen Sahiwal Branch 12,Sahiwal,Indian,+923024275446,"93 Business Road, Commercial District, Sahiwal",https://www.dairyqueensahiwalbranch12.com,4.4,23,FoodPanda,"{'facebook': 'https://facebook.com/dairyqueensahiwalbranch12', 'instagram': 'https://instagram.com/dairyqueensahiwalbranch12', 'twitter': 'https://twitter.com/dairyqueensahiwalbranch12'}",Delicious Indian cuisine in Sahiwal. Rated 4.4/5 stars with 23 reviews.,76.1,Pakistani,0.5,Indian,70.0390318803695,70.0,Medium Potential
Dennys,Sahiwal,Fusion,+923008428901,"74 Market Street, Commercial District, Sahiwal",https://www.denny's.com,4.7,393,Yellow Pages PK,{},Delicious Fusion cuisine in Sahiwal. Rated 4.7/5 stars with 393 reviews.,79.4,Pakistani,0.5,Fusion,57.51398289351658,57.5,Low Potential
Dennys Sahiwal Branch 16,Sahiwal,Beverages,+923007565351,"14 Commercial Avenue, City Center, Sahiwal",,3.3,35,Yellow Pages PK,{},Delicious Beverages cuisine in Sahiwal. Rated 3.3/5 stars with 35 reviews.,70.1,Pakistani,0.5,Beverages,48.54468412170275,48.5,Low Potential
Five Guys Sahiwal Branch 18,Sahiwal,Turkish,+923007644532,"43 Market Street, City Center, Sahiwal",https://www.fiveguyssahiwalbranch18.com,4.5,244,Yellow Pages PK,{},Delicious Turkish cuisine in Sahiwal. Rated 4.5/5 stars with 244 reviews.,79.0,Pakistani,0.5,Turkish,58.395740234531715,58.4,Low Potential
Haagen-Dazs Sahiwal Branch 15,Sahiwal,Thai,+923016107763,"21 Business Road, Main Area, Sahiwal",,4.2,259,FoodPanda,{},Delicious Thai cuisine in Sahiwal. Rated 4.2/5 stars with 259 reviews.,83.4,Pakistani,0.5,Thai,61.94183012744792,61.9,Medium Potential
Jack in the Box Sahiwal Branch 13,Sahiwal,Fusion,+923029700282,"21 Main Street, Main Area, Sahiwal",https://www.jackintheboxsahiwalbranch13.com,3.7,302,Yellow Pages PK,{},Delicious Fusion cuisine in Sahiwal. Rated 3.7/5 stars with 302 reviews.,77.4,Pakistani,0.5,Fusion,54.589319599634024,54.6,Low Potential
KFC Sahiwal Branch 6,Sahiwal,European,+923004514592,"29 Business Road, Commercial District, Sahiwal",,3.8,305,Yellow Pages PK,{},Delicious European cuisine in Sahiwal. Rated 3.8/5 stars with 305 reviews.,77.6,Pakistani,0.5,European,54.255251131388455,54.3,Low Potential
McDonalds Sahiwal Branch 17,Sahiwal,Japanese,+923020407364,"46 Market Street, Commercial District, Sahiwal",https://www.mcdonald'ssahiwalbranch17.com,3.8,460,FoodPanda,"{'facebook': ""https://facebook.com/mcdonald'ssahiwalbranch17"", 'instagram': ""https://instagram.com/mcdonald'ssahiwalbranch17"", 'twitter': ""https://twitter.com/mcdonald'ssahiwalbranch17""}",Delicious Japanese cuisine in Sahiwal. Rated 3.8/5 stars with 460 reviews.,82.6,Pakistani,0.5,Japanese,71.76793398115753,71.8,Medium Potential
Moes Southwest Grill Sahiwal Branch 20,Sahiwal,Korean,+923004557073,"68 Main Street, Main Area, Sahiwal",,4.5,353,FoodPanda,{},Delicious Korean cuisine in Sahiwal. Rated 4.5/5 stars with 353 reviews.,84.0,Pakistani,0.5,Korean,62.09087257865814,62.1,Medium Potential
Nandos Sahiwal Branch 2,Sahiwal,American,+923012628080,"40 Business Road, City Center, Sahiwal",,3.0,268,FoodPanda,{},Delicious American cuisine in Sahiwal. Rated 3.0/5 stars with 268 reviews.,81.0,Pakistani,0.5,American,56.89685750338348,56.9,Low Potential
Panera Bread Sahiwal Branch 19,Sahiwal,European,+923024924570,"39 Commercial Avenue, City Center, Sahiwal",https://www.panerabreadsahiwalbranch19.com,3.9,290,Yellow Pages PK,{},Delicious European cuisine in Sahiwal. Rated 3.9/5 stars with 290 reviews.,77.8,Pakistani,0.5,European,55.37397586511125,55.4,Low Potential
Pizza Hut Sahiwal Branch 19,Sahiwal,Lebanese,+923029925575,"16 Business Road, Main Area, Sahiwal",,4.8,199,FoodPanda,{},Delicious Lebanese cuisine in Sahiwal. Rated 4.8/5 stars with 199 reviews.,84.6,Pakistani,0.5,Lebanese,62.81757730123933,62.8,Medium Potential
Red Lobster Sahiwal Branch 11,Sahiwal,Desserts,+923025429995,"4 Business Road, Commercial District, Sahiwal",,3.1,98,Yellow Pages PK,"{'facebook': 'https://facebook.com/redlobstersahiwalbranch11', 'instagram': 'https://instagram.com/redlobstersahiwalbranch11', 'twitter': 'https://twitter.com/redlobstersahiwalbranch11'}",Delicious Desserts cuisine in Sahiwal. Rated 3.1/5 stars with 98 reviews.,76.0,Pakistani,0.5,Desserts,60.0304806225938,60.0,Medium Potential
Sonic Drive-In Sahiwal Branch 11,Sahiwal,Lebanese,+923009438751,"23 Market Street, City Center, Sahiwal",,5.0,24,FoodPanda,{},Delicious Lebanese cuisine in Sahiwal. Rated 5.0/5 stars with 24 reviews.,77.4,Pakistani,0.5,Lebanese,60.05504257196213,60.1,Medium Potential
Starbucks Sahiwal Branch 3,Sahiwal,Thai,+923015639159,"75 Business Road, Main Area, Sahiwal",https://www.starbuckssahiwalbranch3.com,3.1,484,Yellow Pages PK,{},Delicious Thai cuisine in Sahiwal. Rated 3.1/5 stars with 484 reviews.,76.2,Pakistani,0.5,Thai,55.55,55.6,Low Potential
Steak n Shake Sahiwal Branch 8,Sahiwal,Japanese,+923014842867,"24 Main Street, City Center, Sahiwal",https://www.steak'nshakesahiwalbranch8.com,4.5,430,Yellow Pages PK,{},Delicious Japanese cuisine in Sahiwal. Rated 4.5/5 stars with 430 reviews.,79.0,Pakistani,0.5,Japanese,58.559123611162214,58.6,Low Potential
Subway Sahiwal Branch 10,Sahiwal,Lebanese,+923029198172,"62 Main Street, City Center, Sahiwal",https://www.subwaysahiwalbranch10.com,3.9,77,FoodPanda,"{'facebook': 'https://facebook.com/subwaysahiwalbranch10', 'instagram': 'https://instagram.com/subwaysahiwalbranch10', 'twitter': 'https://twitter.com/subwaysahiwalbranch10'}",Delicious Lebanese cuisine in Sahiwal. Rated 3.9/5 stars with 77 reviews.,80.5,Pakistani,0.5,Lebanese,69.6949610828001,69.7,Medium Potential
Texas Roadhouse,Sahiwal,Italian,+923005676530,"63 Market Street, Commercial District, Sahiwal",https://www.texasroadhouse.com,4.6,84,FoodPanda,{},Delicious Italian cuisine in Sahiwal. Rated 4.6/5 stars with 84 reviews.,82.60000000000001,Pakistani,0.5,Italian,62.233933205425835,62.2,Medium Potential
Waffle House Sahiwal Branch 16,Sahiwal,Lebanese,+923007066746,"68 Business Road, Commercial District, Sahiwal",https://www.wafflehousesahiwalbranch16.com,3.8,120,FoodPanda,"{'facebook': 'https://facebook.com/wafflehousesahiwalbranch16', 'instagram': 'https://instagram.com/wafflehousesahiwalbranch16', 'twitter': 'https://twitter.com/wafflehousesahiwalbranch16'}",Delicious Lebanese cuisine in Sahiwal. Rated 3.8/5 stars with 120 reviews.,82.6,Pakistani,0.5,Lebanese,70.10497264081836,70.1,Medium Potential
