name,city,cuisine_type,phone,address,website,rating,reviews_count,source,social_media,description,lead_score,lead_potential
Karachi Darbar,Karachi,Desserts,+92 0305 003 76 64,"83 Airport Road, Gulshan-e-Iqbal, Karachi",https://www.karachidarbar.com,4.5,317,Main Pipeline Demo,"{'facebook': 'https://facebook.com/karachidarbar', 'instagram': 'https://instagram.com/karachidarbar', 'twitter': 'https://twitter.com/karachidarbar'}",Delicious Desserts cuisine in Karachi. Rated 4.5/5 stars with 317 reviews.,85.0,High
Lahore Karahi Karachi Branch 2,Karachi,Pakistani,+92 0304 778 36 54,"41 Business Road, Saddar, Karachi",https://www.lahorekarahikarachibranch2.com,4.3,666,Main Pipeline Demo,"{'facebook': 'https://facebook.com/lahorekarahikarachibranch2', 'instagram': 'https://instagram.com/lahorekarahikarachibranch2', 'twitter': 'https://twitter.com/lahorekarahikarachibranch2'}",Delicious Pakistani cuisine in Karachi. Rated 4.3/5 stars with 666 reviews.,93.0,High
Sialkot Biryani Karachi Branch 3,Karachi,Chinese,+92 0304 419 67 45,"21 Market Street, Port Grand, Karachi",https://www.sialkotbiryanikarachibranch3.com,4.0,215,Main Pipeline Demo,"{'facebook': 'https://facebook.com/sialkotbiryanikarachibranch3', 'instagram': 'https://instagram.com/sialkotbiryanikarachibranch3', 'twitter': 'https://twitter.com/sialkotbiryanikarachibranch3'}",Delicious Chinese cuisine in Karachi. Rated 4.0/5 stars with 215 reviews.,80.0,High
Gujrat Tikka Karachi Branch 4,Karachi,BBQ,+92 0303 110 97 28,"50 Canal Road, Korangi, Karachi",https://www.gujrattikkakarachibranch4.com,3.2,198,Main Pipeline Demo,{},Delicious BBQ cuisine in Karachi. Rated 3.2/5 stars with 198 reviews.,57.0,Low
Dera Ghazi Khan Fish Karachi Branch 5,Karachi,Pakistani,+92 0300 372 14 53,"20 Expressway Road, Lyari, Karachi",https://www.deraghazikhanfishkarachibranch5.com,4.8,147,Main Pipeline Demo,"{'facebook': 'https://facebook.com/deraghazikhanfishkarachibranch5', 'instagram': 'https://instagram.com/deraghazikhanfishkarachibranch5', 'twitter': 'https://twitter.com/deraghazikhanfishkarachibranch5'}",Delicious Pakistani cuisine in Karachi. Rated 4.8/5 stars with 147 reviews.,88.0,High
Buffalo Wild Wings Karachi Branch 6,Karachi,BBQ,+92 0300 861 44 69,"62 Hospital Road, Gulshan-e-Iqbal, Karachi",https://www.buffalowildwingskarachibranch6.com,4.6,923,Main Pipeline Demo,"{'facebook': 'https://facebook.com/buffalowildwingskarachibranch6', 'instagram': 'https://instagram.com/buffalowildwingskarachibranch6', 'twitter': 'https://twitter.com/buffalowildwingskarachibranch6'}",Delicious BBQ cuisine in Karachi. Rated 4.6/5 stars with 923 reviews.,96.0,High
KFC Karachi Branch 7,Karachi,Pakistani,+92 0302 478 25 45,"29 Mall Road, Landhi, Karachi",https://www.kfckarachibranch7.com,4.1,153,Main Pipeline Demo,{},Delicious Pakistani cuisine in Karachi. Rated 4.1/5 stars with 153 reviews.,66.0,Medium
Tim Hortons Karachi Branch 8,Karachi,Italian,+92 0301 684 18 38,"98 Expressway Road, Clifton, Karachi",https://www.timhortonskarachibranch8.com,3.5,112,Main Pipeline Demo,"{'facebook': 'https://facebook.com/timhortonskarachibranch8', 'instagram': 'https://instagram.com/timhortonskarachibranch8', 'twitter': 'https://twitter.com/timhortonskarachibranch8'}",Delicious Italian cuisine in Karachi. Rated 3.5/5 stars with 112 reviews.,75.0,Medium
Gujar Khan BBQ Karachi Branch 9,Karachi,Pakistani,+92 0300 256 50 46,"90 Mall Road, Clifton, Karachi",,3.7,51,Main Pipeline Demo,"{'facebook': 'https://facebook.com/gujarkhanbbqkarachibranch9', 'instagram': 'https://instagram.com/gujarkhanbbqkarachibranch9', 'twitter': 'https://twitter.com/gujarkhanbbqkarachibranch9'}",Delicious Pakistani cuisine in Karachi. Rated 3.7/5 stars with 51 reviews.,57.0,Low
Panera Bread Karachi Branch 10,Karachi,Pakistani,+92 0305 802 72 26,"71 Canal Road, Korangi, Karachi",https://www.panerabreadkarachibranch10.com,3.9,37,Main Pipeline Demo,{},Delicious Pakistani cuisine in Karachi. Rated 3.9/5 stars with 37 reviews.,54.0,Low
Lahore Karahi Karachi Branch 11,Karachi,Japanese,+92 021 989 12 09,"100 Business Road, Port Grand, Karachi",,4.6,505,Main Pipeline Demo,"{'facebook': 'https://facebook.com/lahorekarahikarachibranch11', 'instagram': 'https://instagram.com/lahorekarahikarachibranch11', 'twitter': 'https://twitter.com/lahorekarahikarachibranch11'}",Delicious Japanese cuisine in Karachi. Rated 4.6/5 stars with 505 reviews.,81.0,High
Olive Garden Karachi Branch 12,Karachi,Beverages,+92 021 349 98 26,"14 Market Street, Malir, Karachi",https://www.olivegardenkarachibranch12.com,3.6,81,Main Pipeline Demo,"{'facebook': 'https://facebook.com/olivegardenkarachibranch12', 'instagram': 'https://instagram.com/olivegardenkarachibranch12', 'twitter': 'https://twitter.com/olivegardenkarachibranch12'}",Delicious Beverages cuisine in Karachi. Rated 3.6/5 stars with 81 reviews.,71.0,Medium
Gloria Jean's Karachi Branch 13,Karachi,Pakistani,+92 0300 141 03 27,"26 Bridge Road, Saddar, Karachi",,4.4,445,Main Pipeline Demo,"{'facebook': ""https://facebook.com/gloriajean'skarachibranch13"", 'instagram': ""https://instagram.com/gloriajean'skarachibranch13"", 'twitter': ""https://twitter.com/gloriajean'skarachibranch13""}",Delicious Pakistani cuisine in Karachi. Rated 4.4/5 stars with 445 reviews.,69.0,Medium
Islamabad BBQ Karachi Branch 14,Karachi,Pakistani,+92 0301 711 31 96,"74 Expressway Road, Korangi, Karachi",https://www.islamabadbbqkarachibranch14.com,3.6,172,Main Pipeline Demo,"{'facebook': 'https://facebook.com/islamabadbbqkarachibranch14', 'instagram': 'https://instagram.com/islamabadbbqkarachibranch14', 'twitter': 'https://twitter.com/islamabadbbqkarachibranch14'}",Delicious Pakistani cuisine in Karachi. Rated 3.6/5 stars with 172 reviews.,76.0,Medium
Layyah Biryani Karachi Branch 15,Karachi,Fast Food,+92 0305 231 99 97,"23 Bridge Road, Saddar, Karachi",https://www.layyahbiryanikarachibranch15.com,4.3,743,Main Pipeline Demo,"{'facebook': 'https://facebook.com/layyahbiryanikarachibranch15', 'instagram': 'https://instagram.com/layyahbiryanikarachibranch15', 'twitter': 'https://twitter.com/layyahbiryanikarachibranch15'}",Delicious Fast Food cuisine in Karachi. Rated 4.3/5 stars with 743 reviews.,93.0,High
Carl's Jr. Karachi Branch 16,Karachi,Pakistani,+92 0301 304 60 01,"94 Airport Road, Shah Faisal, Karachi",https://www.carl'sjr.karachibranch16.com,4.2,983,Main Pipeline Demo,{},Delicious Pakistani cuisine in Karachi. Rated 4.2/5 stars with 983 reviews.,77.0,Medium
Dunkin' Karachi Branch 17,Karachi,Fast Food,+92 0303 309 49 11,"75 Highway Road, Port Grand, Karachi",https://www.dunkin'karachibranch17.com,3.7,188,Main Pipeline Demo,{},Delicious Fast Food cuisine in Karachi. Rated 3.7/5 stars with 188 reviews.,62.0,Medium
Layyah Biryani Karachi Branch 18,Karachi,BBQ,+92 0300 962 86 52,"33 Bridge Road, Malir, Karachi",https://www.layyahbiryanikarachibranch18.com,4.4,979,Main Pipeline Demo,{},Delicious BBQ cuisine in Karachi. Rated 4.4/5 stars with 979 reviews.,79.0,Medium
Sahiwal Korma Karachi Branch 19,Karachi,Pakistani,+92 021 823 26 46,"4 Expressway Road, North Nazimabad, Karachi",,4.0,899,Main Pipeline Demo,"{'facebook': 'https://facebook.com/sahiwalkormakarachibranch19', 'instagram': 'https://instagram.com/sahiwalkormakarachibranch19', 'twitter': 'https://twitter.com/sahiwalkormakarachibranch19'}",Delicious Pakistani cuisine in Karachi. Rated 4.0/5 stars with 899 reviews.,75.0,Medium
Olive Garden Karachi Branch 20,Karachi,Fast Food,+92 0300 849 14 64,"10 Canal Road, Lyari, Karachi",https://www.olivegardenkarachibranch20.com,4.6,553,Main Pipeline Demo,{},Delicious Fast Food cuisine in Karachi. Rated 4.6/5 stars with 553 reviews.,81.0,High
