﻿"name","city","cuisine_type","phone","address","website","rating","reviews_count","source","social_media","description","lead_score","lead_potential"
"Hardee's","Islamabad","Mexican","'+92 0305 500 85 14","66 Main Street, E-8, Islamabad","https://www.hardee's.com","3.3","56","Google Maps","{}","Delicious Mexican cuisine in Islamabad. Rated 3.3/5 stars with 56 reviews.","2.0","Low"
"Subway Islamabad Branch 2","Islamabad","Fast Food","'+92 051 014 14 23","74 Commercial Avenue, F-7, Islamabad","https://www.subwayislamabadbranch2.com","3.8","18","Google Maps","{}","Delicious Fast Food cuisine in Islamabad. Rated 3.8/5 stars with 18 reviews.","2.29","Low"
"Outback Steakhouse Islamabad Branch 3","Islamabad","Korean","'+92 0300 093 20 74","60 Station Road, F-7, Islamabad","https://www.outbacksteakhouseislamabadbranch3.com","4.2","361","Google Maps","{}","Delicious Korean cuisine in Islamabad. Rated 4.2/5 stars with 361 reviews.","2.66","Low"
"Pizza Hut Islamabad Branch 4","Islamabad","European","'+92 0301 766 22 84","65 Market Street, F-7, Islamabad","https://www.pizzahutislamabadbranch4.com","4.7","219","Google Maps","{}","Delicious European cuisine in Islamabad. Rated 4.7/5 stars with 219 reviews.","2.91","Low"
"Gloria Jean's Islamabad Branch 5","Islamabad","Korean","'+92 0304 081 05 84","39 Business Road, Sector G-6, Islamabad","","3.5","384","Google Maps","{}","Delicious Korean cuisine in Islamabad. Rated 3.5/5 stars with 384 reviews.","2.25","Low"
"Steak 'n Shake Islamabad Branch 6","Islamabad","Beverages","'+92 0301 686 11 62","49 Station Road, E-7, Islamabad","","4.6","463","Google Maps","{}","Delicious Beverages cuisine in Islamabad. Rated 4.6/5 stars with 463 reviews.","2.95","Low"
"Buffalo Wild Wings Islamabad Branch 7","Islamabad","Japanese","'+92 0301 491 60 12","18 Business Road, F-8, Islamabad","","3.6","342","Google Maps","{}","Delicious Japanese cuisine in Islamabad. Rated 3.6/5 stars with 342 reviews.","2.3","Low"
"Burger King Islamabad Branch 8","Islamabad","Japanese","'+92 0302 898 41 02","92 Main Street, E-8, Islamabad","https://www.burgerkingislamabadbranch8.com","4.9","136","Google Maps","{}","Delicious Japanese cuisine in Islamabad. Rated 4.9/5 stars with 136 reviews.","2.99","Low"
"Steak 'n Shake Islamabad Branch 9","Islamabad","Japanese","'+92 051 421 15 26","56 Commercial Avenue, Sector F-6, Islamabad","","4.8","73","Google Maps","{""facebook"": ""https://facebook.com/steak'nshakeislamabadbranch9"", ""instagram"": ""https://instagram.com/steak'nshakeislamabadbranch9"", ""twitter"": ""https://twitter.com/steak'nshakeislamabadbranch9""}","Delicious Japanese cuisine in Islamabad. Rated 4.8/5 stars with 73 reviews.","2.91","Low"
"Denny's Islamabad Branch 10","Islamabad","Fast Food","'+92 0304 541 07 50","52 Commercial Avenue, F-7, Islamabad","","3.9","45","Google Maps","{}","Delicious Fast Food cuisine in Islamabad. Rated 3.9/5 stars with 45 reviews.","2.36","Low"
"IHOP Islamabad Branch 11","Islamabad","Fast Food","'+92 051 668 29 29","27 Market Street, Blue Area, Islamabad","https://www.ihopislamabadbranch11.com","4.6","103","Google Maps","{}","Delicious Fast Food cuisine in Islamabad. Rated 4.6/5 stars with 103 reviews.","2.8","Low"
"Baskin-Robbins Islamabad Branch 12","Islamabad","BBQ","'+92 051 487 16 31","52 Station Road, Sector F-6, Islamabad","https://www.baskin-robbinsislamabadbranch12.com","3.5","54","Google Maps","{}","Delicious BBQ cuisine in Islamabad. Rated 3.5/5 stars with 54 reviews.","2.12","Low"
"Dairy Queen Islamabad Branch 13","Islamabad","Fusion","'+92 051 045 91 56","7 Mall Road, Sector F-6, Islamabad","","3.5","185","Google Maps","{""facebook"": ""https://facebook.com/dairyqueenislamabadbranch13"", ""instagram"": ""https://instagram.com/dairyqueenislamabadbranch13"", ""twitter"": ""https://twitter.com/dairyqueenislamabadbranch13""}","Delicious Fusion cuisine in Islamabad. Rated 3.5/5 stars with 185 reviews.","2.17","Low"
"Carl's Jr. Islamabad Branch 14","Islamabad","Pakistani","'+92 0305 978 73 65","82 Business Road, F-7, Islamabad","","4.1","152","Google Maps","{}","Delicious Pakistani cuisine in Islamabad. Rated 4.1/5 stars with 152 reviews.","2.52","Low"
"Taco Bell Islamabad Branch 15","Islamabad","BBQ","'+92 0305 436 12 26","74 Market Street, G-8, Islamabad","","3.0","201","Google Maps","{}","Delicious BBQ cuisine in Islamabad. Rated 3.0/5 stars with 201 reviews.","1.88","Low"
"Shake Shack Islamabad Branch 16","Islamabad","Beverages","'+92 0303 452 36 00","48 Market Street, E-8, Islamabad","","4.4","186","Google Maps","{}","Delicious Beverages cuisine in Islamabad. Rated 4.4/5 stars with 186 reviews.","2.71","Low"
