﻿name,city,cuisine_type,phone,address,website,rating,reviews_count,source,social_media,description,lead_score,lead_potential
Red Lobster,Karachi,Chinese,+92 0302 762 51 94,"84 Mall Road, Lyari, Karachi",https://www.redlobster.com,3.5,446,Yellow Pages PK,"{""facebook"": ""https://facebook.com/redlobster"", ""instagram"": ""https://instagram.com/redlobster"", ""twitter"": ""https://twitter.com/redlobster""}",Delicious Chinese cuisine in Karachi. Rated 3.5/5 stars with 446 reviews.,2.28,Low
Chinese Wok Karachi Branch 2,Karachi,Indian,+92 0304 304 30 79,"1 Station Road, Gulshan-e-Iqbal, Karachi",https://www.chinesewokkarachibranch2.com,3.8,398,Yellow Pages PK,{},Delicious Indian cuisine in Karachi. Rated 3.8/5 stars with 398 reviews.,2.44,Low
Nando's Karachi Branch 3,Karachi,BBQ,+92 0303 213 55 01,"45 Business Road, Defence, Karachi",,3.5,16,Yellow Pages PK,{},Delicious BBQ cuisine in Karachi. Rated 3.5/5 stars with 16 reviews.,2.11,Low
Cold Stone Creamery Karachi Branch 4,Karachi,Pakistani,+92 0302 717 95 17,"19 Business Road, Gulshan-e-Iqbal, Karachi",https://www.coldstonecreamerykarachibranch4.com,3.3,37,Yellow Pages PK,{},Delicious Pakistani cuisine in Karachi. Rated 3.3/5 stars with 37 reviews.,1.99,Low
TGI Fridays Karachi Branch 5,Karachi,Fast Food,+92 0301 549 89 37,"47 Station Road, Korangi, Karachi",https://www.tgifridayskarachibranch5.com,3.8,442,Yellow Pages PK,{},Delicious Fast Food cuisine in Karachi. Rated 3.8/5 stars with 442 reviews.,2.46,Low
Domino's Karachi Branch 6,Karachi,Indian,+92 0301 349 89 26,"49 Market Street, Lyari, Karachi",https://www.domino'skarachibranch6.com,3.8,431,Yellow Pages PK,"{""facebook"": ""https://facebook.com/domino'skarachibranch6"", ""instagram"": ""https://instagram.com/domino'skarachibranch6"", ""twitter"": ""https://twitter.com/domino'skarachibranch6""}",Delicious Indian cuisine in Karachi. Rated 3.8/5 stars with 431 reviews.,2.45,Low
LongHorn Steakhouse Karachi Branch 7,Karachi,Indian,+92 0300 750 87 87,"42 Commercial Avenue, Malir, Karachi",,3.7,93,Yellow Pages PK,{},Delicious Indian cuisine in Karachi. Rated 3.7/5 stars with 93 reviews.,2.26,Low
Hardee's Karachi Branch 8,Karachi,Korean,+92 0305 538 18 05,"38 Commercial Avenue, Orangi, Karachi",https://www.hardee'skarachibranch8.com,4.0,343,Yellow Pages PK,{},Delicious Korean cuisine in Karachi. Rated 4.0/5 stars with 343 reviews.,2.54,Low
Red Lobster Karachi Branch 9,Karachi,Indian,+92 0304 899 25 88,"98 Business Road, Orangi, Karachi",https://www.redlobsterkarachibranch9.com,3.2,240,Yellow Pages PK,{},Delicious Indian cuisine in Karachi. Rated 3.2/5 stars with 240 reviews.,2.02,Low
Waffle House Karachi Branch 10,Karachi,Thai,+92 0303 475 75 68,"47 Station Road, Defence, Karachi",https://www.wafflehousekarachibranch10.com,4.9,232,Yellow Pages PK,{},Delicious Thai cuisine in Karachi. Rated 4.9/5 stars with 232 reviews.,3.03,Medium
Qdoba Karachi Branch 11,Karachi,Pakistani,+92 0302 388 66 16,"64 Commercial Avenue, Gulshan-e-Iqbal, Karachi",,3.5,162,Yellow Pages PK,{},Delicious Pakistani cuisine in Karachi. Rated 3.5/5 stars with 162 reviews.,2.16,Low
Jack in the Box Karachi Branch 12,Karachi,Thai,+92 0300 270 69 75,"51 Business Road, Defence, Karachi",,4.6,113,Yellow Pages PK,"{""facebook"": ""https://facebook.com/jackintheboxkarachibranch12"", ""instagram"": ""https://instagram.com/jackintheboxkarachibranch12"", ""twitter"": ""https://twitter.com/jackintheboxkarachibranch12""}",Delicious Thai cuisine in Karachi. Rated 4.6/5 stars with 113 reviews.,2.81,Low
Costa Coffee Karachi Branch 13,Karachi,Italian,+92 0303 874 34 42,"47 Mall Road, Gulshan-e-Iqbal, Karachi",,4.4,324,Yellow Pages PK,{},Delicious Italian cuisine in Karachi. Rated 4.4/5 stars with 324 reviews.,2.77,Low
Baskin-Robbins Karachi Branch 14,Karachi,Japanese,+92 021 254 24 13,"73 Station Road, Gulshan-e-Iqbal, Karachi",,4.0,364,Yellow Pages PK,"{""facebook"": ""https://facebook.com/baskin-robbinskarachibranch14"", ""instagram"": ""https://instagram.com/baskin-robbinskarachibranch14"", ""twitter"": ""https://twitter.com/baskin-robbinskarachibranch14""}",Delicious Japanese cuisine in Karachi. Rated 4.0/5 stars with 364 reviews.,2.55,Low
LongHorn Steakhouse Karachi Branch 15,Karachi,American,+92 0301 184 50 67,"65 Commercial Avenue, Orangi, Karachi",,3.0,284,Yellow Pages PK,{},Delicious American cuisine in Karachi. Rated 3.0/5 stars with 284 reviews.,1.91,Low
Pizza Express Karachi Branch 16,Karachi,Fusion,+92 0304 802 48 74,"1 Commercial Avenue, Malir, Karachi",https://www.pizzaexpresskarachibranch16.com,3.5,474,Yellow Pages PK,"{""facebook"": ""https://facebook.com/pizzaexpresskarachibranch16"", ""instagram"": ""https://instagram.com/pizzaexpresskarachibranch16"", ""twitter"": ""https://twitter.com/pizzaexpresskarachibranch16""}",Delicious Fusion cuisine in Karachi. Rated 3.5/5 stars with 474 reviews.,2.29,Low
Chipotle Karachi Branch 17,Karachi,BBQ,+92 0305 079 25 23,"66 Market Street, Clifton, Karachi",https://www.chipotlekarachibranch17.com,4.6,149,Yellow Pages PK,"{""facebook"": ""https://facebook.com/chipotlekarachibranch17"", ""instagram"": ""https://instagram.com/chipotlekarachibranch17"", ""twitter"": ""https://twitter.com/chipotlekarachibranch17""}",Delicious BBQ cuisine in Karachi. Rated 4.6/5 stars with 149 reviews.,2.82,Low
Red Lobster Karachi Branch 18,Karachi,Japanese,+92 0302 535 21 34,"5 Station Road, North Nazimabad, Karachi",https://www.redlobsterkarachibranch18.com,4.7,320,Yellow Pages PK,{},Delicious Japanese cuisine in Karachi. Rated 4.7/5 stars with 320 reviews.,2.95,Low
KFC Karachi Branch 19,Karachi,Mexican,+92 0300 849 97 55,"6 Main Street, Orangi, Karachi",https://www.kfckarachibranch19.com,4.6,456,Yellow Pages PK,{},Delicious Mexican cuisine in Karachi. Rated 4.6/5 stars with 456 reviews.,2.94,Low
Steak 'n Shake Karachi Branch 20,Karachi,Japanese,+92 0302 581 75 21,"48 Main Street, Orangi, Karachi",https://www.steak'nshakekarachibranch20.com,3.7,259,Yellow Pages PK,{},Delicious Japanese cuisine in Karachi. Rated 3.7/5 stars with 259 reviews.,2.32,Low
Arby's,Karachi,Mexican,+92 0305 378 40 66,"59 Commercial Avenue, North Nazimabad, Karachi",https://www.arby's.com,4.8,47,FoodPanda,{},Delicious Mexican cuisine in Karachi. Rated 4.8/5 stars with 47 reviews.,2.9,Low
Whataburger Karachi Branch 2,Karachi,Korean,+92 0303 960 91 60,"11 Mall Road, Orangi, Karachi",,3.3,462,FoodPanda,{},Delicious Korean cuisine in Karachi. Rated 3.3/5 stars with 462 reviews.,2.16,Low
KFC Karachi Branch 3,Karachi,Fast Food,+92 0305 680 72 98,"5 Station Road, Clifton, Karachi",https://www.kfckarachibranch3.com,4.9,222,FoodPanda,{},Delicious Fast Food cuisine in Karachi. Rated 4.9/5 stars with 222 reviews.,3.03,Medium
Outback Steakhouse Karachi Branch 4,Karachi,Pakistani,+92 0301 055 51 93,"92 Station Road, Defence, Karachi",https://www.outbacksteakhousekarachibranch4.com,4.7,291,FoodPanda,{},Delicious Pakistani cuisine in Karachi. Rated 4.7/5 stars with 291 reviews.,2.94,Low
Subway Karachi Branch 5,Karachi,Mexican,+92 0301 383 36 11,"99 Commercial Avenue, Saddar, Karachi",,3.4,112,FoodPanda,"{""facebook"": ""https://facebook.com/subwaykarachibranch5"", ""instagram"": ""https://instagram.com/subwaykarachibranch5"", ""twitter"": ""https://twitter.com/subwaykarachibranch5""}",Delicious Mexican cuisine in Karachi. Rated 3.4/5 stars with 112 reviews.,2.08,Low
Moe's Southwest Grill Karachi Branch 6,Karachi,Fast Food,+92 0302 059 97 92,"3 Commercial Avenue, Lyari, Karachi",,3.1,139,FoodPanda,"{""facebook"": ""https://facebook.com/moe'ssouthwestgrillkarachibranch6"", ""instagram"": ""https://instagram.com/moe'ssouthwestgrillkarachibranch6"", ""twitter"": ""https://twitter.com/moe'ssouthwestgrillkarachibranch6""}",Delicious Fast Food cuisine in Karachi. Rated 3.1/5 stars with 139 reviews.,1.92,Low
Baskin-Robbins Karachi Branch 7,Karachi,Lebanese,+92 021 489 95 64,"16 Market Street, Defence, Karachi",https://www.baskin-robbinskarachibranch7.com,4.3,57,FoodPanda,{},Delicious Lebanese cuisine in Karachi. Rated 4.3/5 stars with 57 reviews.,2.6,Low
IHOP Karachi Branch 8,Karachi,European,+92 0305 813 22 49,"15 Market Street, Saddar, Karachi",https://www.ihopkarachibranch8.com,3.8,55,FoodPanda,"{""facebook"": ""https://facebook.com/ihopkarachibranch8"", ""instagram"": ""https://instagram.com/ihopkarachibranch8"", ""twitter"": ""https://twitter.com/ihopkarachibranch8""}",Delicious European cuisine in Karachi. Rated 3.8/5 stars with 55 reviews.,2.3,Low
Qdoba Karachi Branch 9,Karachi,Chinese,+92 0304 257 30 75,"86 Main Street, Lyari, Karachi",,4.5,324,FoodPanda,{},Delicious Chinese cuisine in Karachi. Rated 4.5/5 stars with 324 reviews.,2.83,Low
Denny's Karachi Branch 10,Karachi,Turkish,+92 0300 649 18 45,"83 Station Road, Lyari, Karachi",https://www.denny'skarachibranch10.com,3.7,116,FoodPanda,"{""facebook"": ""https://facebook.com/denny'skarachibranch10"", ""instagram"": ""https://instagram.com/denny'skarachibranch10"", ""twitter"": ""https://twitter.com/denny'skarachibranch10""}",Delicious Turkish cuisine in Karachi. Rated 3.7/5 stars with 116 reviews.,2.27,Low
Buffalo Wild Wings Karachi Branch 11,Karachi,Fast Food,+92 0304 860 91 71,"60 Market Street, Gulshan-e-Iqbal, Karachi",https://www.buffalowildwingskarachibranch11.com,3.3,47,FoodPanda,"{""facebook"": ""https://facebook.com/buffalowildwingskarachibranch11"", ""instagram"": ""https://instagram.com/buffalowildwingskarachibranch11"", ""twitter"": ""https://twitter.com/buffalowildwingskarachibranch11""}",Delicious Fast Food cuisine in Karachi. Rated 3.3/5 stars with 47 reviews.,2.0,Low
Dairy Queen Karachi Branch 12,Karachi,Thai,+92 0302 662 60 77,"71 Main Street, Clifton, Karachi",https://www.dairyqueenkarachibranch12.com,4.1,163,FoodPanda,"{""facebook"": ""https://facebook.com/dairyqueenkarachibranch12"", ""instagram"": ""https://instagram.com/dairyqueenkarachibranch12"", ""twitter"": ""https://twitter.com/dairyqueenkarachibranch12""}",Delicious Thai cuisine in Karachi. Rated 4.1/5 stars with 163 reviews.,2.53,Low
Ben & Jerry's Karachi Branch 13,Karachi,European,+92 0304 376 40 93,"1 Commercial Avenue, Korangi, Karachi",,4.2,26,FoodPanda,{},Delicious European cuisine in Karachi. Rated 4.2/5 stars with 26 reviews.,2.53,Low
Cracker Barrel Karachi Branch 14,Karachi,Pakistani,+92 0303 181 46 20,"53 Main Street, Clifton, Karachi",https://www.crackerbarrelkarachibranch14.com,3.2,209,FoodPanda,"{""facebook"": ""https://facebook.com/crackerbarrelkarachibranch14"", ""instagram"": ""https://instagram.com/crackerbarrelkarachibranch14"", ""twitter"": ""https://twitter.com/crackerbarrelkarachibranch14""}",Delicious Pakistani cuisine in Karachi. Rated 3.2/5 stars with 209 reviews.,2.0,Low
Buffalo Wild Wings Karachi Branch 15,Karachi,Mexican,+92 0301 831 51 65,"4 Station Road, Malir, Karachi",,3.3,200,FoodPanda,"{""facebook"": ""https://facebook.com/buffalowildwingskarachibranch15"", ""instagram"": ""https://instagram.com/buffalowildwingskarachibranch15"", ""twitter"": ""https://twitter.com/buffalowildwingskarachibranch15""}",Delicious Mexican cuisine in Karachi. Rated 3.3/5 stars with 200 reviews.,2.06,Low
Baskin-Robbins Karachi Branch 16,Karachi,BBQ,+92 0302 831 92 70,"22 Market Street, Gulshan-e-Iqbal, Karachi",https://www.baskin-robbinskarachibranch16.com,3.2,313,FoodPanda,{},Delicious BBQ cuisine in Karachi. Rated 3.2/5 stars with 313 reviews.,2.05,Low
Panera Bread Karachi Branch 17,Karachi,Fusion,+92 0300 166 46 97,"65 Commercial Avenue, Orangi, Karachi",,4.2,40,FoodPanda,{},Delicious Fusion cuisine in Karachi. Rated 4.2/5 stars with 40 reviews.,2.54,Low
Sonic Drive-In Karachi Branch 18,Karachi,Chinese,+92 0305 134 52 71,"11 Mall Road, North Nazimabad, Karachi",,4.3,456,FoodPanda,{},Delicious Chinese cuisine in Karachi. Rated 4.3/5 stars with 456 reviews.,2.76,Low
Jack in the Box Karachi Branch 19,Karachi,Korean,+92 021 164 77 60,"15 Mall Road, Orangi, Karachi",,4.2,219,FoodPanda,{},Delicious Korean cuisine in Karachi. Rated 4.2/5 stars with 219 reviews.,2.61,Low
In-N-Out Burger Karachi Branch 20,Karachi,Mexican,+92 021 803 22 39,"33 Mall Road, Orangi, Karachi",https://www.in-n-outburgerkarachibranch20.com,3.7,467,FoodPanda,{},Delicious Mexican cuisine in Karachi. Rated 3.7/5 stars with 467 reviews.,2.41,Low
Nando's,Karachi,Chinese,+92 0301 128 43 85,"37 Market Street, Defence, Karachi",https://www.nando's.com,3.8,226,Google Maps,"{""facebook"": ""https://facebook.com/nando's"", ""instagram"": ""https://instagram.com/nando's"", ""twitter"": ""https://twitter.com/nando's""}",Delicious Chinese cuisine in Karachi. Rated 3.8/5 stars with 226 reviews.,2.37,Low
Culver's Karachi Branch 2,Karachi,Desserts,+92 0300 092 26 52,"33 Market Street, Gulshan-e-Iqbal, Karachi",https://www.culver'skarachibranch2.com,3.2,58,Google Maps,{},Delicious Desserts cuisine in Karachi. Rated 3.2/5 stars with 58 reviews.,1.94,Low
Hardee's Karachi Branch 3,Karachi,Japanese,+92 0304 240 18 37,"12 Station Road, Gulshan-e-Iqbal, Karachi",,4.8,108,Google Maps,{},Delicious Japanese cuisine in Karachi. Rated 4.8/5 stars with 108 reviews.,2.92,Low
Tim Hortons Karachi Branch 4,Karachi,Chinese,+92 0300 722 95 78,"34 Business Road, Gulshan-e-Iqbal, Karachi",https://www.timhortonskarachibranch4.com,4.2,42,Google Maps,{},Delicious Chinese cuisine in Karachi. Rated 4.2/5 stars with 42 reviews.,2.54,Low
BBQ Tonight Karachi Branch 5,Karachi,Thai,+92 0301 131 26 52,"8 Station Road, Gulshan-e-Iqbal, Karachi",https://www.bbqtonightkarachibranch5.com,4.5,438,Google Maps,{},Delicious Thai cuisine in Karachi. Rated 4.5/5 stars with 438 reviews.,2.88,Low
Haagen-Dazs Karachi Branch 6,Karachi,European,+92 0300 023 29 14,"64 Commercial Avenue, Gulshan-e-Iqbal, Karachi",,4.9,145,Google Maps,{},Delicious European cuisine in Karachi. Rated 4.9/5 stars with 145 reviews.,3.0,Low
Subway Karachi Branch 7,Karachi,Mexican,+92 0305 545 15 39,"55 Commercial Avenue, Defence, Karachi",https://www.subwaykarachibranch7.com,4.5,338,Google Maps,{},Delicious Mexican cuisine in Karachi. Rated 4.5/5 stars with 338 reviews.,2.84,Low
LongHorn Steakhouse Karachi Branch 8,Karachi,Thai,+92 0305 569 44 29,"99 Market Street, Saddar, Karachi",,3.6,371,Google Maps,"{""facebook"": ""https://facebook.com/longhornsteakhousekarachibranch8"", ""instagram"": ""https://instagram.com/longhornsteakhousekarachibranch8"", ""twitter"": ""https://twitter.com/longhornsteakhousekarachibranch8""}",Delicious Thai cuisine in Karachi. Rated 3.6/5 stars with 371 reviews.,2.31,Low
Jack in the Box Karachi Branch 9,Karachi,Chinese,+92 0303 441 60 21,"48 Main Street, Korangi, Karachi",https://www.jackintheboxkarachibranch9.com,4.1,493,Google Maps,{},Delicious Chinese cuisine in Karachi. Rated 4.1/5 stars with 493 reviews.,2.66,Low
Popeyes Karachi Branch 10,Karachi,Korean,+92 0304 057 99 79,"16 Market Street, Malir, Karachi",,3.3,186,Google Maps,{},Delicious Korean cuisine in Karachi. Rated 3.3/5 stars with 186 reviews.,2.05,Low
Jack in the Box Karachi Branch 11,Karachi,Indian,+92 0300 678 24 37,"84 Main Street, North Nazimabad, Karachi",,4.4,485,Google Maps,{},Delicious Indian cuisine in Karachi. Rated 4.4/5 stars with 485 reviews.,2.83,Low
Subway Karachi Branch 12,Karachi,Indian,+92 0303 105 94 12,"78 Commercial Avenue, Malir, Karachi",https://www.subwaykarachibranch12.com,3.2,229,Google Maps,"{""facebook"": ""https://facebook.com/subwaykarachibranch12"", ""instagram"": ""https://instagram.com/subwaykarachibranch12"", ""twitter"": ""https://twitter.com/subwaykarachibranch12""}",Delicious Indian cuisine in Karachi. Rated 3.2/5 stars with 229 reviews.,2.01,Low
KFC Karachi Branch 13,Karachi,Turkish,+92 0303 008 80 68,"94 Business Road, Malir, Karachi",https://www.kfckarachibranch13.com,3.2,331,Google Maps,{},Delicious Turkish cuisine in Karachi. Rated 3.2/5 stars with 331 reviews.,2.05,Low
Popeyes Karachi Branch 14,Karachi,Thai,+92 0302 139 30 47,"17 Main Street, North Nazimabad, Karachi",https://www.popeyeskarachibranch14.com,3.5,97,Google Maps,{},Delicious Thai cuisine in Karachi. Rated 3.5/5 stars with 97 reviews.,2.14,Low
Jack in the Box Karachi Branch 15,Karachi,Lebanese,+92 0305 029 03 20,"76 Commercial Avenue, Defence, Karachi",,4.9,67,Google Maps,{},Delicious Lebanese cuisine in Karachi. Rated 4.9/5 stars with 67 reviews.,2.97,Low
McDonald's Karachi Branch 16,Karachi,Thai,+92 021 756 92 01,"43 Station Road, Orangi, Karachi",,4.5,333,Google Maps,{},Delicious Thai cuisine in Karachi. Rated 4.5/5 stars with 333 reviews.,2.83,Low
Olive Garden Karachi Branch 17,Karachi,Beverages,+92 0302 639 05 53,"54 Station Road, Gulshan-e-Iqbal, Karachi",https://www.olivegardenkarachibranch17.com,3.4,336,Google Maps,"{""facebook"": ""https://facebook.com/olivegardenkarachibranch17"", ""instagram"": ""https://instagram.com/olivegardenkarachibranch17"", ""twitter"": ""https://twitter.com/olivegardenkarachibranch17""}",Delicious Beverages cuisine in Karachi. Rated 3.4/5 stars with 336 reviews.,2.17,Low
Chinese Wok Karachi Branch 18,Karachi,Fast Food,+92 0302 350 87 57,"12 Main Street, Lyari, Karachi",,4.1,437,Google Maps,{},Delicious Fast Food cuisine in Karachi. Rated 4.1/5 stars with 437 reviews.,2.63,Low
Denny's Karachi Branch 19,Karachi,Beverages,+92 0301 444 11 70,"87 Commercial Avenue, Clifton, Karachi",https://www.denny'skarachibranch19.com,4.9,221,Google Maps,{},Delicious Beverages cuisine in Karachi. Rated 4.9/5 stars with 221 reviews.,3.03,Medium
Carl's Jr. Karachi Branch 20,Karachi,Thai,+92 0305 157 66 01,"32 Mall Road, Lyari, Karachi",https://www.carl'sjr.karachibranch20.com,3.7,178,Google Maps,{},Delicious Thai cuisine in Karachi. Rated 3.7/5 stars with 178 reviews.,2.29,Low
Outback Steakhouse,Karachi,Italian,+92 021 471 00 70,"40 Main Street, Lyari, Karachi",,3.2,213,Facebook Pages,{},Delicious Italian cuisine in Karachi. Rated 3.2/5 stars with 213 reviews.,2.01,Low
Baskin-Robbins Karachi Branch 2,Karachi,Beverages,+92 021 843 81 71,"96 Commercial Avenue, Orangi, Karachi",https://www.baskin-robbinskarachibranch2.com,4.7,459,Facebook Pages,"{""facebook"": ""https://facebook.com/baskin-robbinskarachibranch2"", ""instagram"": ""https://instagram.com/baskin-robbinskarachibranch2"", ""twitter"": ""https://twitter.com/baskin-robbinskarachibranch2""}",Delicious Beverages cuisine in Karachi. Rated 4.7/5 stars with 459 reviews.,3.0,Low
Shake Shack Karachi Branch 3,Karachi,American,+92 0301 409 70 42,"50 Station Road, Saddar, Karachi",https://www.shakeshackkarachibranch3.com,4.9,125,Facebook Pages,{},Delicious American cuisine in Karachi. Rated 4.9/5 stars with 125 reviews.,2.99,Low
Cold Stone Creamery Karachi Branch 4,Karachi,Chinese,+92 0305 764 05 21,"13 Main Street, Orangi, Karachi",,3.7,152,Facebook Pages,"{""facebook"": ""https://facebook.com/coldstonecreamerykarachibranch4"", ""instagram"": ""https://instagram.com/coldstonecreamerykarachibranch4"", ""twitter"": ""https://twitter.com/coldstonecreamerykarachibranch4""}",Delicious Chinese cuisine in Karachi. Rated 3.7/5 stars with 152 reviews.,2.28,Low
Ben & Jerry's Karachi Branch 5,Karachi,Mexican,+92 021 800 75 63,"91 Main Street, Malir, Karachi",,3.4,449,Facebook Pages,{},Delicious Mexican cuisine in Karachi. Rated 3.4/5 stars with 449 reviews.,2.22,Low
Haagen-Dazs Karachi Branch 6,Karachi,Indian,+92 0305 147 07 84,"7 Main Street, Gulshan-e-Iqbal, Karachi",https://www.haagen-dazskarachibranch6.com,4.5,333,Facebook Pages,{},Delicious Indian cuisine in Karachi. Rated 4.5/5 stars with 333 reviews.,2.83,Low
Second Cup Karachi Branch 7,Karachi,Chinese,+92 0300 420 75 15,"76 Station Road, Defence, Karachi",https://www.secondcupkarachibranch7.com,4.4,442,Facebook Pages,{},Delicious Chinese cuisine in Karachi. Rated 4.4/5 stars with 442 reviews.,2.82,Low
Red Lobster Karachi Branch 8,Karachi,Pakistani,+92 021 141 06 21,"95 Business Road, Defence, Karachi",https://www.redlobsterkarachibranch8.com,3.6,478,Facebook Pages,{},Delicious Pakistani cuisine in Karachi. Rated 3.6/5 stars with 478 reviews.,2.35,Low
Steak 'n Shake Karachi Branch 9,Karachi,BBQ,+92 0301 875 24 31,"24 Market Street, Lyari, Karachi",https://www.steak'nshakekarachibranch9.com,3.1,290,Facebook Pages,{},Delicious BBQ cuisine in Karachi. Rated 3.1/5 stars with 290 reviews.,1.98,Low
Popeyes Karachi Branch 10,Karachi,Korean,+92 0305 791 76 26,"76 Business Road, Lyari, Karachi",,4.4,338,Facebook Pages,{},Delicious Korean cuisine in Karachi. Rated 4.4/5 stars with 338 reviews.,2.78,Low
Texas Roadhouse Karachi Branch 11,Karachi,American,+92 0305 961 27 22,"12 Mall Road, Lyari, Karachi",,3.8,440,Facebook Pages,{},Delicious American cuisine in Karachi. Rated 3.8/5 stars with 440 reviews.,2.46,Low
Second Cup Karachi Branch 12,Karachi,Mexican,+92 0303 886 84 73,"23 Market Street, Gulshan-e-Iqbal, Karachi",,3.8,465,Facebook Pages,{},Delicious Mexican cuisine in Karachi. Rated 3.8/5 stars with 465 reviews.,2.47,Low
Starbucks Karachi Branch 13,Karachi,Lebanese,+92 0301 974 91 12,"42 Business Road, Clifton, Karachi",,4.8,115,Facebook Pages,{},Delicious Lebanese cuisine in Karachi. Rated 4.8/5 stars with 115 reviews.,2.93,Low
LongHorn Steakhouse Karachi Branch 14,Karachi,European,+92 021 964 42 29,"37 Market Street, Saddar, Karachi",https://www.longhornsteakhousekarachibranch14.com,3.5,48,Facebook Pages,{},Delicious European cuisine in Karachi. Rated 3.5/5 stars with 48 reviews.,2.12,Low
Hardee's Karachi Branch 15,Karachi,Mexican,+92 0305 266 17 01,"45 Main Street, Saddar, Karachi",https://www.hardee'skarachibranch15.com,4.2,357,Facebook Pages,{},Delicious Mexican cuisine in Karachi. Rated 4.2/5 stars with 357 reviews.,2.66,Low
TGI Fridays Karachi Branch 16,Karachi,BBQ,+92 0304 996 52 96,"28 Station Road, Clifton, Karachi",https://www.tgifridayskarachibranch16.com,4.5,365,Facebook Pages,"{""facebook"": ""https://facebook.com/tgifridayskarachibranch16"", ""instagram"": ""https://instagram.com/tgifridayskarachibranch16"", ""twitter"": ""https://twitter.com/tgifridayskarachibranch16""}",Delicious BBQ cuisine in Karachi. Rated 4.5/5 stars with 365 reviews.,2.85,Low
Shake Shack Karachi Branch 17,Karachi,Fusion,+92 021 258 09 53,"74 Main Street, Lyari, Karachi",https://www.shakeshackkarachibranch17.com,4.6,70,Facebook Pages,{},Delicious Fusion cuisine in Karachi. Rated 4.6/5 stars with 70 reviews.,2.79,Low
Cracker Barrel Karachi Branch 18,Karachi,BBQ,+92 0300 451 84 19,"11 Business Road, Saddar, Karachi",https://www.crackerbarrelkarachibranch18.com,3.4,244,Facebook Pages,"{""facebook"": ""https://facebook.com/crackerbarrelkarachibranch18"", ""instagram"": ""https://instagram.com/crackerbarrelkarachibranch18"", ""twitter"": ""https://twitter.com/crackerbarrelkarachibranch18""}",Delicious BBQ cuisine in Karachi. Rated 3.4/5 stars with 244 reviews.,2.14,Low
Waffle House Karachi Branch 19,Karachi,American,+92 0304 072 15 23,"11 Station Road, Malir, Karachi",https://www.wafflehousekarachibranch19.com,3.3,112,Facebook Pages,"{""facebook"": ""https://facebook.com/wafflehousekarachibranch19"", ""instagram"": ""https://instagram.com/wafflehousekarachibranch19"", ""twitter"": ""https://twitter.com/wafflehousekarachibranch19""}",Delicious American cuisine in Karachi. Rated 3.3/5 stars with 112 reviews.,2.02,Low
Dairy Queen Karachi Branch 20,Karachi,BBQ,+92 0304 037 33 24,"27 Main Street, Clifton, Karachi",https://www.dairyqueenkarachibranch20.com,4.2,153,Facebook Pages,{},Delicious BBQ cuisine in Karachi. Rated 4.2/5 stars with 153 reviews.,2.58,Low
