﻿"name","city","cuisine_type","phone","address","website","rating","reviews_count","source","social_media","description","lead_score","lead_potential"
"Al Sheikh Hotel","Karachi","Regional","","","","0.0","None","OpenStreetMap","{}","","44.0","Low Potential"
"Al jaddah jopri family hotel","Karachi","","","","","0.0","None","OpenStreetMap","{}","","44.0","Low Potential"
"Bumbai Karahi","Karachi","","","Super Highway","","0.0","None","OpenStreetMap","{}","","44.9","Low Potential"
"China Castle - Bahadurabad","Karachi","Chinese","","","","0.0","None","OpenStreetMap","{}","","45.8","Low Potential"
"Daily dubai resturant","Karachi","","","Badar Commercial 10th Street","","0.0","None","OpenStreetMap","{}","","44.9","Low Potential"
"Hot N Spicy Potatoes & hot N Sweet Corn","Karachi","","","Mahmood Hussain Road","","0.0","None","OpenStreetMap","{}","","44.9","Low Potential"
"Kaiser","Karachi","Regional","","","","0.0","None","OpenStreetMap","{}","","44.0","Low Potential"
"Khanji - Highway","Karachi","Regional","","Super Highway","","0.0","None","OpenStreetMap","{}","","44.9","Low Potential"
"Makkah Resturants","Karachi","","","Super Highway","","0.0","None","OpenStreetMap","{}","","44.9","Low Potential"
"Mashallah Quaidabad Mianwali Hotel","Karachi","","","Super Highway","","0.0","None","OpenStreetMap","{}","","44.9","Low Potential"
"Nan Shop","Karachi","","","","","0.0","None","OpenStreetMap","{}","","44.0","Low Potential"
"Officers Mess","Karachi","","","","","0.0","None","OpenStreetMap","{}","","44.0","Low Potential"
"Pakistan Pakwan House","Karachi","","","Allama Rasheed Turabi Road","","0.0","None","OpenStreetMap","{}","","44.9","Low Potential"
"Peshawari Chapli Kabab","Karachi","","","Shah Faisal","","0.0","None","OpenStreetMap","{}","","44.9","Low Potential"
"Rajput Pakwan Center","Karachi","","","","","0.0","None","OpenStreetMap","{}","","44.0","Low Potential"
"Seafront BBQ","Karachi","","","Road Number 4","","0.0","None","OpenStreetMap","{}","","44.9","Low Potential"
"Shaheen Shinwari BBQ Restraunt & Caterers","Karachi","Fish","'+923333503303","","","0.0","None","OpenStreetMap","{}","","45.2","Low Potential"
"Sindh Islamia Hotel","Karachi","","","Super Highway","","0.0","None","OpenStreetMap","{}","","44.9","Low Potential"
"افغان بخاری ریستوران","Karachi","Afghan","'+923453353374","","","0.0","None","OpenStreetMap","{}","","45.2","Low Potential"
