name,city,cuisine_type,phone,address,website,rating,reviews_count,source,social_media,description,lead_score,lead_potential,quality_score
Okara Handi,Karachi,Chinese,+92 0305 647 35 38,"12 Port Road, Landhi, Karachi",,3.5,141,Robust Pipeline,"{'facebook': 'https://facebook.com/okarahandi', 'instagram': 'https://instagram.com/okarahandi', 'twitter': 'https://twitter.com/okarahandi'}",Delicious Chinese cuisine in Karachi. Rated 3.5/5 stars with 141 reviews.,60.0,Medium,85
Popeyes Karachi Branch 2,Karachi,Italian,+92 0303 445 55 82,"10 Port Road, Korangi, Karachi",https://www.popeyeskarachibranch2.com,4.5,364,Robust Pipeline,"{'facebook': 'https://facebook.com/popeyeskarachibranch2', 'instagram': 'https://instagram.com/popeyeskarachibranch2', 'twitter': 'https://twitter.com/popeyeskarachibranch2'}",Delicious Italian cuisine in Karachi. Rated 4.5/5 stars with 364 reviews.,85.0,High,85
Multan Handi Karachi Branch 3,Karachi,BBQ,+92 0305 835 90 80,"59 Hospital Road, Orangi, Karachi",https://www.multanhandikarachibranch3.com,4.1,667,Robust Pipeline,"{'facebook': 'https://facebook.com/multanhandikarachibranch3', 'instagram': 'https://instagram.com/multanhandikarachibranch3', 'twitter': 'https://twitter.com/multanhandikarachibranch3'}",Delicious BBQ cuisine in Karachi. Rated 4.1/5 stars with 667 reviews.,91.0,High,85
Baskin-Robbins Karachi Branch 4,Karachi,Fast Food,+92 021 388 94 55,"9 University Road, Gulistan-e-Jauhar, Karachi",https://www.baskinrobbinskarachibranch4.com,5.0,773,Robust Pipeline,{},Delicious Fast Food cuisine in Karachi. Rated 5.0/5 stars with 773 reviews.,85.0,High,85
Quetta Sajji Karachi Branch 5,Karachi,BBQ,+92 0302 395 58 99,"27 Business Road, Gulshan-e-Iqbal, Karachi",,4.7,273,Robust Pipeline,"{'facebook': 'https://facebook.com/quettasajjikarachibranch5', 'instagram': 'https://instagram.com/quettasajjikarachibranch5', 'twitter': 'https://twitter.com/quettasajjikarachibranch5'}",Delicious BBQ cuisine in Karachi. Rated 4.7/5 stars with 273 reviews.,72.0,Medium,85
Tim Hortons Karachi Branch 6,Karachi,Indian,+92 021 963 44 93,"52 Port Road, Lyari, Karachi",,4.4,767,Robust Pipeline,"{'facebook': 'https://facebook.com/timhortonskarachibranch6', 'instagram': 'https://instagram.com/timhortonskarachibranch6', 'twitter': 'https://twitter.com/timhortonskarachibranch6'}",Delicious Indian cuisine in Karachi. Rated 4.4/5 stars with 767 reviews.,79.0,Medium,85
Buffalo Wild Wings Karachi Branch 7,Karachi,Fast Food,+92 0302 971 75 95,"44 Business Road, North Nazimabad, Karachi",https://www.buffalowildwingskarachibranch7.com,3.7,91,Robust Pipeline,"{'facebook': 'https://facebook.com/buffalowildwingskarachibranch7', 'instagram': 'https://instagram.com/buffalowildwingskarachibranch7', 'twitter': 'https://twitter.com/buffalowildwingskarachibranch7'}",Delicious Fast Food cuisine in Karachi. Rated 3.7/5 stars with 91 reviews.,72.0,Medium,85
Gujar Khan BBQ Karachi Branch 8,Karachi,Indian,+92 0301 744 31 45,"82 Market Street, Malir, Karachi",https://www.gujarkhanbbqkarachibranch8.com,3.7,103,Robust Pipeline,{},Delicious Indian cuisine in Karachi. Rated 3.7/5 stars with 103 reviews.,62.0,Medium,85
Sahiwal Korma Karachi Branch 9,Karachi,Desserts,+92 0302 729 19 03,"14 Station Road, North Nazimabad, Karachi",https://www.sahiwalkormakarachibranch9.com,3.6,181,Robust Pipeline,"{'facebook': 'https://facebook.com/sahiwalkormakarachibranch9', 'instagram': 'https://instagram.com/sahiwalkormakarachibranch9', 'twitter': 'https://twitter.com/sahiwalkormakarachibranch9'}",Delicious Desserts cuisine in Karachi. Rated 3.6/5 stars with 181 reviews.,76.0,Medium,85
Texas Roadhouse Karachi Branch 10,Karachi,Indian,+92 0304 426 21 52,"61 Airport Road, Korangi, Karachi",https://www.texasroadhousekarachibranch10.com,2.8,20,Robust Pipeline,"{'facebook': 'https://facebook.com/texasroadhousekarachibranch10', 'instagram': 'https://instagram.com/texasroadhousekarachibranch10', 'twitter': 'https://twitter.com/texasroadhousekarachibranch10'}",Delicious Indian cuisine in Karachi. Rated 2.8/5 stars with 20 reviews.,58.0,Low,85
Hardee's Karachi Branch 11,Karachi,Italian,+92 0303 554 82 84,"21 Main Street, Shah Faisal, Karachi",https://www.hardee'skarachibranch11.com,3.0,57,Robust Pipeline,"{'facebook': ""https://facebook.com/hardee'skarachibranch11"", 'instagram': ""https://instagram.com/hardee'skarachibranch11"", 'twitter': ""https://twitter.com/hardee'skarachibranch11""}",Delicious Italian cuisine in Karachi. Rated 3.0/5 stars with 57 reviews.,65.0,Medium,85
Baskin-Robbins Karachi Branch 12,Karachi,Fast Food,+92 0301 213 89 00,"77 Business Road, Port Grand, Karachi",,4.2,695,Robust Pipeline,"{'facebook': 'https://facebook.com/baskin-robbinskarachibranch12', 'instagram': 'https://instagram.com/baskin-robbinskarachibranch12', 'twitter': 'https://twitter.com/baskin-robbinskarachibranch12'}",Delicious Fast Food cuisine in Karachi. Rated 4.2/5 stars with 695 reviews.,77.0,Medium,85
Moe's Southwest Grill Karachi Branch 13,Karachi,Beverages,+92 0305 434 58 49,"18 Airport Road, Landhi, Karachi",https://www.moe'ssouthwestgrillkarachibranch13.com,3.6,101,Robust Pipeline,{},Delicious Beverages cuisine in Karachi. Rated 3.6/5 stars with 101 reviews.,61.0,Medium,85
Sialkot Biryani Karachi Branch 14,Karachi,Pakistani,+92 0302 174 91 14,"77 Market Street, Lyari, Karachi",https://www.sialkotbiryanikarachibranch14.com,3.8,139,Robust Pipeline,{},Delicious Pakistani cuisine in Karachi. Rated 3.8/5 stars with 139 reviews.,63.0,Medium,85
Bahawalpur Korma Karachi Branch 15,Karachi,BBQ,+92 0301 150 68 85,"50 Bridge Road, Lyari, Karachi",https://www.bahawalpurkormakarachibranch15.com,4.0,343,Robust Pipeline,"{'facebook': 'https://facebook.com/bahawalpurkormakarachibranch15', 'instagram': 'https://instagram.com/bahawalpurkormakarachibranch15', 'twitter': 'https://twitter.com/bahawalpurkormakarachibranch15'}",Delicious BBQ cuisine in Karachi. Rated 4.0/5 stars with 343 reviews.,80.0,High,85
Shake Shack Karachi Branch 16,Karachi,Fast Food,+92 0304 415 51 76,"30 Expressway Road, Korangi, Karachi",,4.3,783,Robust Pipeline,{},Delicious Fast Food cuisine in Karachi. Rated 4.3/5 stars with 783 reviews.,63.0,Medium,85
Khushab Sajji Karachi Branch 17,Karachi,Pakistani,+92 0302 116 41 00,"93 Bridge Road, Korangi, Karachi",https://www.khushabsajjikarachibranch17.com,4.6,548,Robust Pipeline,"{'facebook': 'https://facebook.com/khushabsajjikarachibranch17', 'instagram': 'https://instagram.com/khushabsajjikarachibranch17', 'twitter': 'https://twitter.com/khushabsajjikarachibranch17'}",Delicious Pakistani cuisine in Karachi. Rated 4.6/5 stars with 548 reviews.,96.0,High,85
Subway Karachi Branch 18,Karachi,Indian,+92 0301 087 55 08,"40 Station Road, Port Grand, Karachi",,4.1,940,Robust Pipeline,"{'facebook': 'https://facebook.com/subwaykarachibranch18', 'instagram': 'https://instagram.com/subwaykarachibranch18', 'twitter': 'https://twitter.com/subwaykarachibranch18'}",Delicious Indian cuisine in Karachi. Rated 4.1/5 stars with 940 reviews.,76.0,Medium,85
Sialkot Biryani Karachi Branch 19,Karachi,Italian,+92 021 471 09 24,"54 Canal Road, Gulshan-e-Iqbal, Karachi",https://www.sialkotbiryanikarachibranch19.com,4.1,423,Robust Pipeline,{},Delicious Italian cuisine in Karachi. Rated 4.1/5 stars with 423 reviews.,66.0,Medium,85
Kallar Kahar Pulao Karachi Branch 20,Karachi,American,+92 0304 927 11 95,"38 Mall Road, Port Grand, Karachi",https://www.kallarkaharpulaokarachibranch20.com,4.7,574,Robust Pipeline,"{'facebook': 'https://facebook.com/kallarkaharpulaokarachibranch20', 'instagram': 'https://instagram.com/kallarkaharpulaokarachibranch20', 'twitter': 'https://twitter.com/kallarkaharpulaokarachibranch20'}",Delicious American cuisine in Karachi. Rated 4.7/5 stars with 574 reviews.,97.0,High,85
Waffle House,Lahore,Pakistani,+92 0303 540 17 45,"80 Main Street, Shah Alam, Lahore",https://www.wafflehouse.com,4.9,912,Robust Pipeline,{},Delicious Pakistani cuisine in Lahore. Rated 4.9/5 stars with 912 reviews.,84.0,High,85
Panera Bread Lahore Branch 2,Lahore,Pakistani,+92 042 008 27 74,"38 University Road, Cantt, Lahore",https://www.panerabreadlahorebranch2.com,4.2,400,Robust Pipeline,"{'facebook': 'https://facebook.com/panerabreadlahorebranch2', 'instagram': 'https://instagram.com/panerabreadlahorebranch2', 'twitter': 'https://twitter.com/panerabreadlahorebranch2'}",Delicious Pakistani cuisine in Lahore. Rated 4.2/5 stars with 400 reviews.,82.0,High,85
Red Lobster Lahore Branch 3,Lahore,Fast Food,+92 0300 459 18 75,"71 Station Road, Old City, Lahore",https://www.redlobsterlahorebranch3.com,3.6,115,Robust Pipeline,{},Delicious Fast Food cuisine in Lahore. Rated 3.6/5 stars with 115 reviews.,61.0,Medium,85
Pizza Hut Lahore Branch 4,Lahore,Fast Food,+92 0303 554 23 00,"29 Mall Road, DHA Phase 2, Lahore",https://www.pizzahutlahorebranch4.com,5.0,466,Robust Pipeline,{},Delicious Fast Food cuisine in Lahore. Rated 5.0/5 stars with 466 reviews.,75.0,Medium,85
Gujranwala Nihari Lahore Branch 5,Lahore,BBQ,+92 0305 726 90 20,"49 Port Road, DHA Phase 1, Lahore",,4.6,535,Robust Pipeline,"{'facebook': 'https://facebook.com/gujranwalaniharilahorebranch5', 'instagram': 'https://instagram.com/gujranwalaniharilahorebranch5', 'twitter': 'https://twitter.com/gujranwalaniharilahorebranch5'}",Delicious BBQ cuisine in Lahore. Rated 4.6/5 stars with 535 reviews.,81.0,High,85
Faisalabad Fish Lahore Branch 6,Lahore,Chinese,+92 0305 303 75 93,"95 Airport Road, Old City, Lahore",https://www.faisalabadfishlahorebranch6.com,3.8,178,Robust Pipeline,{},Delicious Chinese cuisine in Lahore. Rated 3.8/5 stars with 178 reviews.,63.0,Medium,85
Vehari BBQ Lahore Branch 7,Lahore,Fast Food,+92 0303 750 70 91,"34 Mall Road, Anarkali, Lahore",https://www.veharibbqlahorebranch7.com,4.4,283,Robust Pipeline,{},Delicious Fast Food cuisine in Lahore. Rated 4.4/5 stars with 283 reviews.,69.0,Medium,85
Pizza Express Lahore Branch 8,Lahore,Fast Food,+92 0301 580 25 54,"61 Expressway Road, Mall Road, Lahore",,4.4,475,Robust Pipeline,"{'facebook': 'https://facebook.com/pizzaexpresslahorebranch8', 'instagram': 'https://instagram.com/pizzaexpresslahorebranch8', 'twitter': 'https://twitter.com/pizzaexpresslahorebranch8'}",Delicious Fast Food cuisine in Lahore. Rated 4.4/5 stars with 475 reviews.,69.0,Medium,85
Baskin-Robbins Lahore Branch 9,Lahore,Desserts,+92 0304 021 32 34,"70 Hospital Road, Anarkali, Lahore",https://www.baskinrobbinslahorebranch9.com,4.9,616,Robust Pipeline,"{'facebook': 'https://facebook.com/baskin-robbinslahorebranch9', 'instagram': 'https://instagram.com/baskin-robbinslahorebranch9', 'twitter': 'https://twitter.com/baskin-robbinslahorebranch9'}",Delicious Desserts cuisine in Lahore. Rated 4.9/5 stars with 616 reviews.,99.0,High,85
Khushab Sajji Lahore Branch 10,Lahore,BBQ,+92 0303 904 95 11,"11 Port Road, DHA Phase 4, Lahore",https://www.khushabsajjilahorebranch10.com,3.7,86,Robust Pipeline,{},Delicious BBQ cuisine in Lahore. Rated 3.7/5 stars with 86 reviews.,57.0,Low,85
Chinese Wok Lahore Branch 11,Lahore,Fast Food,+92 042 178 55 45,"4 University Road, Johar Town, Lahore",,4.9,768,Robust Pipeline,{},Delicious Fast Food cuisine in Lahore. Rated 4.9/5 stars with 768 reviews.,69.0,Medium,85
Okara Handi Lahore Branch 12,Lahore,Chinese,+92 0302 547 03 58,"83 Airport Road, Liberty Market, Lahore",https://www.okarahandilahorebranch12.com,4.4,216,Robust Pipeline,{},Delicious Chinese cuisine in Lahore. Rated 4.4/5 stars with 216 reviews.,69.0,Medium,85
Buffalo Wild Wings Lahore Branch 13,Lahore,Chinese,+92 042 203 01 04,"13 Mall Road, DHA Phase 4, Lahore",https://www.buffalowildwingslahorebranch13.com,4.2,888,Robust Pipeline,"{'facebook': 'https://facebook.com/buffalowildwingslahorebranch13', 'instagram': 'https://instagram.com/buffalowildwingslahorebranch13', 'twitter': 'https://twitter.com/buffalowildwingslahorebranch13'}",Delicious Chinese cuisine in Lahore. Rated 4.2/5 stars with 888 reviews.,92.0,High,85
Talagang Korma Lahore Branch 14,Lahore,Pakistani,+92 0304 887 52 27,"49 Business Road, DHA Phase 1, Lahore",https://www.talagangkormalahorebranch14.com,4.1,458,Robust Pipeline,{},Delicious Pakistani cuisine in Lahore. Rated 4.1/5 stars with 458 reviews.,66.0,Medium,85
Panera Bread Lahore Branch 15,Lahore,Pakistani,+92 042 942 73 60,"97 Mall Road, Liberty Market, Lahore",,4.4,498,Robust Pipeline,{},Delicious Pakistani cuisine in Lahore. Rated 4.4/5 stars with 498 reviews.,54.0,Low,85
Bhakkar Handi Lahore Branch 16,Lahore,Italian,+92 042 716 27 22,"58 Hospital Road, Data Ganj, Lahore",,3.6,108,Robust Pipeline,{},Delicious Italian cuisine in Lahore. Rated 3.6/5 stars with 108 reviews.,46.0,Low,85
Culver's Lahore Branch 17,Lahore,Fast Food,+92 0301 917 06 44,"76 Market Street, Defence, Lahore",,4.0,544,Robust Pipeline,"{'facebook': ""https://facebook.com/culver'slahorebranch17"", 'instagram': ""https://instagram.com/culver'slahorebranch17"", 'twitter': ""https://twitter.com/culver'slahorebranch17""}",Delicious Fast Food cuisine in Lahore. Rated 4.0/5 stars with 544 reviews.,75.0,Medium,85
Chinese Wok Lahore Branch 18,Lahore,BBQ,+92 0305 966 25 16,"60 Canal Road, Gulberg, Lahore",,4.4,204,Robust Pipeline,"{'facebook': 'https://facebook.com/chinesewoklahorebranch18', 'instagram': 'https://instagram.com/chinesewoklahorebranch18', 'twitter': 'https://twitter.com/chinesewoklahorebranch18'}",Delicious BBQ cuisine in Lahore. Rated 4.4/5 stars with 204 reviews.,69.0,Medium,85
IHOP Lahore Branch 19,Lahore,Desserts,+92 0301 176 00 73,"4 Canal Road, Anarkali, Lahore",https://www.ihoplahorebranch19.com,3.6,55,Robust Pipeline,"{'facebook': 'https://facebook.com/ihoplahorebranch19', 'instagram': 'https://instagram.com/ihoplahorebranch19', 'twitter': 'https://twitter.com/ihoplahorebranch19'}",Delicious Desserts cuisine in Lahore. Rated 3.6/5 stars with 55 reviews.,71.0,Medium,85
Chinese Wok Lahore Branch 20,Lahore,BBQ,+92 0303 087 38 68,"39 Business Road, DHA Phase 1, Lahore",https://www.chinesewoklahorebranch20.com,4.6,843,Robust Pipeline,"{'facebook': 'https://facebook.com/chinesewoklahorebranch20', 'instagram': 'https://instagram.com/chinesewoklahorebranch20', 'twitter': 'https://twitter.com/chinesewoklahorebranch20'}",Delicious BBQ cuisine in Lahore. Rated 4.6/5 stars with 843 reviews.,96.0,High,85
