name,city,cuisine_type,phone,address,website,rating,reviews_count,source,social_media,description,lead_score,lead_potential,quality_score
Burger King,Karachi,Indian,+92 0302 195 04 89,"14 Highway Road, Malir, Karachi",https://www.burgerking.com,4.0,596,Robust Pipeline,"{'facebook': 'https://facebook.com/burgerking', 'instagram': 'https://instagram.com/burgerking', 'twitter': 'https://twitter.com/burgerking'}",Delicious Indian cuisine in Karachi. Rated 4.0/5 stars with 596 reviews.,90.0,High,85
Quetta Sajji Karachi Branch 2,Karachi,BBQ,+92 021 542 23 98,"69 Business Road, Defence, Karachi",https://www.quettasajjikarachibranch2.com,5.0,593,Robust Pipeline,"{'facebook': 'https://facebook.com/quettasajjikarachibranch2', 'instagram': 'https://instagram.com/quettasajjikarachibranch2', 'twitter': 'https://twitter.com/quettasajjikarachibranch2'}",Delicious BBQ cuisine in Karachi. Rated 5.0/5 stars with 593 reviews.,100.0,High,85
Outback Steakhouse Karachi Branch 3,Karachi,Pakistani,+92 0304 820 82 40,"8 Hospital Road, Airport, Karachi",https://www.outbacksteakhousekarachibranch3.com,4.8,900,Robust Pipeline,"{'facebook': 'https://facebook.com/outbacksteakhousekarachibranch3', 'instagram': 'https://instagram.com/outbacksteakhousekarachibranch3', 'twitter': 'https://twitter.com/outbacksteakhousekarachibranch3'}",Delicious Pakistani cuisine in Karachi. Rated 4.8/5 stars with 900 reviews.,98.0,High,85
Narowal Karahi Karachi Branch 4,Karachi,Chinese,+92 0305 766 18 60,"12 Market Street, Lyari, Karachi",https://www.narowalkarahikarachibranch4.com,3.6,200,Robust Pipeline,{},Delicious Chinese cuisine in Karachi. Rated 3.6/5 stars with 200 reviews.,61.0,Medium,85
Waffle House Karachi Branch 5,Karachi,Desserts,+92 021 200 80 92,"58 Main Street, Lyari, Karachi",https://www.wafflehousekarachibranch5.com,5.0,586,Robust Pipeline,{},Delicious Desserts cuisine in Karachi. Rated 5.0/5 stars with 586 reviews.,85.0,High,85
Cracker Barrel Karachi Branch 6,Karachi,Desserts,+92 0300 965 01 23,"62 Commercial Avenue, Korangi, Karachi",https://www.crackerbarrelkarachibranch6.com,3.5,22,Robust Pipeline,{},Delicious Desserts cuisine in Karachi. Rated 3.5/5 stars with 22 reviews.,50.0,Low,85
Taco Bell Karachi Branch 7,Karachi,Beverages,+92 021 659 76 19,"36 University Road, North Nazimabad, Karachi",,3.5,29,Robust Pipeline,{},Delicious Beverages cuisine in Karachi. Rated 3.5/5 stars with 29 reviews.,35.0,Poor,85
Texas Roadhouse Karachi Branch 8,Karachi,Chinese,+92 0300 272 61 73,"75 Mall Road, Korangi, Karachi",https://www.texasroadhousekarachibranch8.com,3.7,149,Robust Pipeline,"{'facebook': 'https://facebook.com/texasroadhousekarachibranch8', 'instagram': 'https://instagram.com/texasroadhousekarachibranch8', 'twitter': 'https://twitter.com/texasroadhousekarachibranch8'}",Delicious Chinese cuisine in Karachi. Rated 3.7/5 stars with 149 reviews.,77.0,Medium,85
Jack in the Box Karachi Branch 9,Karachi,Chinese,+92 021 033 29 89,"8 Business Road, Defence, Karachi",https://www.jackintheboxkarachibranch9.com,4.1,418,Robust Pipeline,{},Delicious Chinese cuisine in Karachi. Rated 4.1/5 stars with 418 reviews.,66.0,Medium,85
In-N-Out Burger Karachi Branch 10,Karachi,BBQ,+92 021 860 96 17,"33 Station Road, Airport, Karachi",https://www.innoutburgerkarachibranch10.com,4.0,777,Robust Pipeline,"{'facebook': 'https://facebook.com/in-n-outburgerkarachibranch10', 'instagram': 'https://instagram.com/in-n-outburgerkarachibranch10', 'twitter': 'https://twitter.com/in-n-outburgerkarachibranch10'}",Delicious BBQ cuisine in Karachi. Rated 4.0/5 stars with 777 reviews.,90.0,High,85
Qdoba Karachi Branch 11,Karachi,Fast Food,+92 0305 701 49 42,"9 Market Street, North Nazimabad, Karachi",,4.0,521,Robust Pipeline,"{'facebook': 'https://facebook.com/qdobakarachibranch11', 'instagram': 'https://instagram.com/qdobakarachibranch11', 'twitter': 'https://twitter.com/qdobakarachibranch11'}",Delicious Fast Food cuisine in Karachi. Rated 4.0/5 stars with 521 reviews.,75.0,Medium,85
Cracker Barrel Karachi Branch 12,Karachi,Italian,+92 0304 779 36 50,"34 Highway Road, Gulshan-e-Iqbal, Karachi",https://www.crackerbarrelkarachibranch12.com,4.0,670,Robust Pipeline,"{'facebook': 'https://facebook.com/crackerbarrelkarachibranch12', 'instagram': 'https://instagram.com/crackerbarrelkarachibranch12', 'twitter': 'https://twitter.com/crackerbarrelkarachibranch12'}",Delicious Italian cuisine in Karachi. Rated 4.0/5 stars with 670 reviews.,90.0,High,85
Texas Roadhouse Karachi Branch 13,Karachi,Pakistani,+92 0304 422 88 00,"13 Canal Road, Port Grand, Karachi",https://www.texasroadhousekarachibranch13.com,4.3,448,Robust Pipeline,"{'facebook': 'https://facebook.com/texasroadhousekarachibranch13', 'instagram': 'https://instagram.com/texasroadhousekarachibranch13', 'twitter': 'https://twitter.com/texasroadhousekarachibranch13'}",Delicious Pakistani cuisine in Karachi. Rated 4.3/5 stars with 448 reviews.,83.0,High,85
LongHorn Steakhouse Karachi Branch 14,Karachi,Lebanese,+92 0305 790 05 41,"26 Hospital Road, Lyari, Karachi",https://www.longhornsteakhousekarachibranch14.com,3.8,35,Robust Pipeline,{},Delicious Lebanese cuisine in Karachi. Rated 3.8/5 stars with 35 reviews.,53.0,Low,85
Cold Stone Creamery Karachi Branch 15,Karachi,Beverages,+92 0305 389 45 17,"80 Expressway Road, Gulistan-e-Jauhar, Karachi",https://www.coldstonecreamerykarachibranch15.com,4.3,632,Robust Pipeline,"{'facebook': 'https://facebook.com/coldstonecreamerykarachibranch15', 'instagram': 'https://instagram.com/coldstonecreamerykarachibranch15', 'twitter': 'https://twitter.com/coldstonecreamerykarachibranch15'}",Delicious Beverages cuisine in Karachi. Rated 4.3/5 stars with 632 reviews.,93.0,High,85
Starbucks Karachi Branch 16,Karachi,BBQ,+92 0304 351 99 87,"66 Market Street, Clifton, Karachi",https://www.starbuckskarachibranch16.com,3.1,124,Robust Pipeline,"{'facebook': 'https://facebook.com/starbuckskarachibranch16', 'instagram': 'https://instagram.com/starbuckskarachibranch16', 'twitter': 'https://twitter.com/starbuckskarachibranch16'}",Delicious BBQ cuisine in Karachi. Rated 3.1/5 stars with 124 reviews.,71.0,Medium,85
Layyah Biryani Karachi Branch 17,Karachi,Chinese,+92 0303 031 10 50,"73 Port Road, Lyari, Karachi",https://www.layyahbiryanikarachibranch17.com,3.6,103,Robust Pipeline,"{'facebook': 'https://facebook.com/layyahbiryanikarachibranch17', 'instagram': 'https://instagram.com/layyahbiryanikarachibranch17', 'twitter': 'https://twitter.com/layyahbiryanikarachibranch17'}",Delicious Chinese cuisine in Karachi. Rated 3.6/5 stars with 103 reviews.,76.0,Medium,85
Panera Bread Karachi Branch 18,Karachi,Fast Food,+92 021 818 58 38,"32 Port Road, Saddar, Karachi",,4.8,812,Robust Pipeline,"{'facebook': 'https://facebook.com/panerabreadkarachibranch18', 'instagram': 'https://instagram.com/panerabreadkarachibranch18', 'twitter': 'https://twitter.com/panerabreadkarachibranch18'}",Delicious Fast Food cuisine in Karachi. Rated 4.8/5 stars with 812 reviews.,83.0,High,85
Layyah Biryani Karachi Branch 19,Karachi,Desserts,+92 0300 151 02 15,"11 Expressway Road, Clifton, Karachi",https://www.layyahbiryanikarachibranch19.com,4.2,436,Robust Pipeline,{},Delicious Desserts cuisine in Karachi. Rated 4.2/5 stars with 436 reviews.,67.0,Medium,85
Attock Biryani Karachi Branch 20,Karachi,American,+92 0303 266 35 30,"28 Hospital Road, Korangi, Karachi",https://www.attockbiryanikarachibranch20.com,4.2,977,Robust Pipeline,{},Delicious American cuisine in Karachi. Rated 4.2/5 stars with 977 reviews.,77.0,Medium,85
Sialkot Biryani,Lahore,Korean,+92 042 390 57 53,"18 Mall Road, Mall Road, Lahore",,2.9,7,Robust Pipeline,"{'facebook': 'https://facebook.com/sialkotbiryani', 'instagram': 'https://instagram.com/sialkotbiryani', 'twitter': 'https://twitter.com/sialkotbiryani'}",Delicious Korean cuisine in Lahore. Rated 2.9/5 stars with 7 reviews.,34.0,Poor,85
IHOP Lahore Branch 2,Lahore,Italian,+92 0302 128 31 42,"60 Commercial Avenue, Mall Road, Lahore",https://www.ihoplahorebranch2.com,3.3,73,Robust Pipeline,"{'facebook': 'https://facebook.com/ihoplahorebranch2', 'instagram': 'https://instagram.com/ihoplahorebranch2', 'twitter': 'https://twitter.com/ihoplahorebranch2'}",Delicious Italian cuisine in Lahore. Rated 3.3/5 stars with 73 reviews.,68.0,Medium,85
McDonald's Lahore Branch 3,Lahore,BBQ,+92 0300 552 62 40,"98 Main Street, DHA Phase 3, Lahore",https://www.mcdonald'slahorebranch3.com,3.9,140,Robust Pipeline,"{'facebook': ""https://facebook.com/mcdonald'slahorebranch3"", 'instagram': ""https://instagram.com/mcdonald'slahorebranch3"", 'twitter': ""https://twitter.com/mcdonald'slahorebranch3""}",Delicious BBQ cuisine in Lahore. Rated 3.9/5 stars with 140 reviews.,79.0,Medium,85
Layyah Biryani Lahore Branch 4,Lahore,Fast Food,+92 042 529 65 29,"76 Business Road, Model Town, Lahore",https://www.layyahbiryanilahorebranch4.com,4.3,595,Robust Pipeline,{},Delicious Fast Food cuisine in Lahore. Rated 4.3/5 stars with 595 reviews.,78.0,Medium,85
Panera Bread Lahore Branch 5,Lahore,Fast Food,+92 0300 221 78 22,"66 Canal Road, Liberty Market, Lahore",,4.2,365,Robust Pipeline,{},Delicious Fast Food cuisine in Lahore. Rated 4.2/5 stars with 365 reviews.,52.0,Low,85
LongHorn Steakhouse Lahore Branch 6,Lahore,Italian,+92 042 085 15 46,"69 Business Road, Mall Road, Lahore",https://www.longhornsteakhouselahorebranch6.com,3.7,188,Robust Pipeline,{},Delicious Italian cuisine in Lahore. Rated 3.7/5 stars with 188 reviews.,62.0,Medium,85
Red Lobster Lahore Branch 7,Lahore,Pakistani,+92 0302 566 59 04,"88 Market Street, Cantt, Lahore",https://www.redlobsterlahorebranch7.com,3.2,76,Robust Pipeline,"{'facebook': 'https://facebook.com/redlobsterlahorebranch7', 'instagram': 'https://instagram.com/redlobsterlahorebranch7', 'twitter': 'https://twitter.com/redlobsterlahorebranch7'}",Delicious Pakistani cuisine in Lahore. Rated 3.2/5 stars with 76 reviews.,67.0,Medium,85
IHOP Lahore Branch 8,Lahore,Fast Food,+92 0300 139 35 74,"63 Mall Road, Gulberg, Lahore",https://www.ihoplahorebranch8.com,4.0,957,Robust Pipeline,{},Delicious Fast Food cuisine in Lahore. Rated 4.0/5 stars with 957 reviews.,75.0,Medium,85
Burger King Lahore Branch 9,Lahore,Fast Food,+92 0302 891 95 58,"56 University Road, Liberty Market, Lahore",https://www.burgerkinglahorebranch9.com,4.7,277,Robust Pipeline,"{'facebook': 'https://facebook.com/burgerkinglahorebranch9', 'instagram': 'https://instagram.com/burgerkinglahorebranch9', 'twitter': 'https://twitter.com/burgerkinglahorebranch9'}",Delicious Fast Food cuisine in Lahore. Rated 4.7/5 stars with 277 reviews.,87.0,High,85
Second Cup Lahore Branch 10,Lahore,Pakistani,+92 0304 637 05 74,"41 Mall Road, DHA Phase 2, Lahore",https://www.secondcuplahorebranch10.com,4.0,320,Robust Pipeline,"{'facebook': 'https://facebook.com/secondcuplahorebranch10', 'instagram': 'https://instagram.com/secondcuplahorebranch10', 'twitter': 'https://twitter.com/secondcuplahorebranch10'}",Delicious Pakistani cuisine in Lahore. Rated 4.0/5 stars with 320 reviews.,80.0,High,85
Whataburger Lahore Branch 11,Lahore,Fast Food,+92 0302 358 25 63,"63 Market Street, DHA Phase 2, Lahore",https://www.whataburgerlahorebranch11.com,4.1,140,Robust Pipeline,{},Delicious Fast Food cuisine in Lahore. Rated 4.1/5 stars with 140 reviews.,66.0,Medium,85
Okara Handi Lahore Branch 12,Lahore,Indian,+92 042 636 12 68,"98 Market Street, Model Town, Lahore",https://www.okarahandilahorebranch12.com,4.7,395,Robust Pipeline,"{'facebook': 'https://facebook.com/okarahandilahorebranch12', 'instagram': 'https://instagram.com/okarahandilahorebranch12', 'twitter': 'https://twitter.com/okarahandilahorebranch12'}",Delicious Indian cuisine in Lahore. Rated 4.7/5 stars with 395 reviews.,87.0,High,85
KFC Lahore Branch 13,Lahore,Chinese,+92 042 677 78 81,"5 Canal Road, DHA Phase 4, Lahore",https://www.kfclahorebranch13.com,4.8,945,Robust Pipeline,{},Delicious Chinese cuisine in Lahore. Rated 4.8/5 stars with 945 reviews.,83.0,High,85
Culver's Lahore Branch 14,Lahore,Pakistani,+92 0301 908 99 73,"88 Market Street, Old City, Lahore",,4.1,384,Robust Pipeline,"{'facebook': ""https://facebook.com/culver'slahorebranch14"", 'instagram': ""https://instagram.com/culver'slahorebranch14"", 'twitter': ""https://twitter.com/culver'slahorebranch14""}",Delicious Pakistani cuisine in Lahore. Rated 4.1/5 stars with 384 reviews.,66.0,Medium,85
Sheikhupura BBQ Lahore Branch 15,Lahore,Chinese,+92 0303 423 47 43,"26 Canal Road, Defence, Lahore",https://www.sheikhupurabbqlahorebranch15.com,4.8,286,Robust Pipeline,"{'facebook': 'https://facebook.com/sheikhupurabbqlahorebranch15', 'instagram': 'https://instagram.com/sheikhupurabbqlahorebranch15', 'twitter': 'https://twitter.com/sheikhupurabbqlahorebranch15'}",Delicious Chinese cuisine in Lahore. Rated 4.8/5 stars with 286 reviews.,88.0,High,85
Islamabad BBQ Lahore Branch 16,Lahore,Chinese,+92 0302 621 50 12,"61 Canal Road, Data Ganj, Lahore",,3.9,46,Robust Pipeline,"{'facebook': 'https://facebook.com/islamabadbbqlahorebranch16', 'instagram': 'https://instagram.com/islamabadbbqlahorebranch16', 'twitter': 'https://twitter.com/islamabadbbqlahorebranch16'}",Delicious Chinese cuisine in Lahore. Rated 3.9/5 stars with 46 reviews.,54.0,Low,85
Pizza Express Lahore Branch 17,Lahore,Pakistani,+92 042 788 22 06,"13 Market Street, DHA Phase 2, Lahore",https://www.pizzaexpresslahorebranch17.com,3.6,179,Robust Pipeline,"{'facebook': 'https://facebook.com/pizzaexpresslahorebranch17', 'instagram': 'https://instagram.com/pizzaexpresslahorebranch17', 'twitter': 'https://twitter.com/pizzaexpresslahorebranch17'}",Delicious Pakistani cuisine in Lahore. Rated 3.6/5 stars with 179 reviews.,76.0,Medium,85
Dairy Queen Lahore Branch 18,Lahore,Pakistani,+92 0301 108 01 09,"64 Airport Road, Anarkali, Lahore",https://www.dairyqueenlahorebranch18.com,3.3,192,Robust Pipeline,"{'facebook': 'https://facebook.com/dairyqueenlahorebranch18', 'instagram': 'https://instagram.com/dairyqueenlahorebranch18', 'twitter': 'https://twitter.com/dairyqueenlahorebranch18'}",Delicious Pakistani cuisine in Lahore. Rated 3.3/5 stars with 192 reviews.,73.0,Medium,85
Qdoba Lahore Branch 19,Lahore,BBQ,+92 0301 392 04 88,"53 Hospital Road, Defence, Lahore",,3.9,126,Robust Pipeline,"{'facebook': 'https://facebook.com/qdobalahorebranch19', 'instagram': 'https://instagram.com/qdobalahorebranch19', 'twitter': 'https://twitter.com/qdobalahorebranch19'}",Delicious BBQ cuisine in Lahore. Rated 3.9/5 stars with 126 reviews.,64.0,Medium,85
Red Lobster Lahore Branch 20,Lahore,Fast Food,+92 0303 233 25 20,"31 Market Street, Shah Alam, Lahore",,3.8,100,Robust Pipeline,"{'facebook': 'https://facebook.com/redlobsterlahorebranch20', 'instagram': 'https://instagram.com/redlobsterlahorebranch20', 'twitter': 'https://twitter.com/redlobsterlahorebranch20'}",Delicious Fast Food cuisine in Lahore. Rated 3.8/5 stars with 100 reviews.,58.0,Low,85
